Workbook
Name 슬라이서_거래처명: #N/A
Name 슬라이서_거래처명1: #N/A
Name 슬라이서_거래처명2: #N/A
Name 품목: [2]구분표!#REF!
Name 품목: [2]구분표!#REF!
Name 품목: [3]구분표!#REF!

Sheet 갑지
A1: ■ 월별 스크랩 출고현황 | F1: ■ 현장별 스크랩 출고 현황 | K1: ■ 현장별 폐기물 출고 현황
A3: NO. | B3: 프로젝트명 | C3: 스크랩 | H3: 스크랩 소계 | I3: 폐기물 | N3: 폐기물 소계 | O3: 총 출고량 | P3: 비고 | R3: NO. | S3: 프로젝트명 | T3: 스크랩 입고량 | U3: 스크랩 출고량 | V3: 스크랩 재고량 | W3: 스크랩 금액 | X3: 폐기물 입고량 | Y3: 폐기물 출고량 | Z3: 폐기물 재고량 | AA3: 폐기물 금액 | AB3: 총 재고량 (스크랩,폐기물) | AC3: 비 고
C4: 고철(세화, 선진) | D4: 스텐(대신) | E4: AL(다옴) | F4: 전선 외(다문) | G4: 기타 | I4: 주원 | J4: 주원(KM) | K4: 투플러스 | L4: 도솔환경 | M4: 기타
A5: =ROW()-4 -> 1 | B5: 포스코_KM_안산 | C5: =SUMIFS(스크랩출고량!$M$4:$M$287,스크랩출고량!$C$4:$C$287,갑지!$B5,스크랩출고량!$I$4:$I$287,"세화철강")+SUMIFS(스크랩출고량!$M$4:$M$287,스크랩출고량!$C$4:$C$287,갑지!$B5,스크랩출고량!$I$4:$I$287,"선진알앤디") -> 1728600 | D5: =SUMIFS(스크랩출고량!$M$4:$M$287,스크랩출고량!$C$4:$C$287,갑지!B5,스크랩출고량!$I$4:$I$287,"대신에스티에스") -> 48713 | E5: =SUMIFS(스크랩출고량!$M$4:$M$287,스크랩출고량!$C$4:$C$287,갑지!$B5,스크랩출고량!$I$4:$I$287,"다옴금속") -> 3591 | F5: =SUMIFS(스크랩출고량!$M$4:$M$287,스크랩출고량!$C$4:$C$287,갑지!$B5,스크랩출고량!$I$4:$I$287,"다문산업") -> 111200 | G5: =SUMIFS(스크랩출고량!$M$4:$M$287,스크랩출고량!$C$4:$C$287,갑지!$B5,스크랩출고량!$I$4:$I$287,"상지롤")+SUMIFS(스크랩출고량!$M$4:$M$287,스크랩출고량!$C$4:$C$287,갑지!$B5,스크랩출고량!$I$4:$I$287,"정민산업")+SUMIFS(스크랩출고량!$M$4:$M$287,스크랩출고량!$C$4:$C$287,갑지!$B5,스크랩출고량!$I$4:$I$287,"전진유압상사") -> -6740 | H5: =SUM(C5:G5) -> 1885364 | I5: =SUMIFS(#REF!,#REF!,$B5,#REF!,갑지!I$4) -> #REF! | J5: =SUMIFS(#REF!,#REF!,$B5,#REF!,갑지!J$4) -> #REF! | K5: =SUMIFS(#REF!,#REF!,$B5,#REF!,갑지!K$4) -> #REF! | L5: =SUMIFS(#REF!,#REF!,$B5,#REF!,갑지!L$4) -> #REF! | M5: =SUMIFS(#REF!,#REF!,$B5,#REF!,"화성조이켐") -> #REF! | N5: =SUM(I5:M5) -> #REF! | O5: =N5+H5 -> #REF! | R5: =ROW()-4 -> 1 | S5: 포스코_KM_안산 | T5: =[4]갑지!$E$5 -> 2184790 | U5: =H5 -> 1885364 | V5: =T5-U5 -> 299426 | W5: =SUMIF(스크랩출고량!$C$4:$C$287,갑지!$S5,스크랩출고량!$R$4:$R$287) -> 2.355549e+09 | X5: =[5]갑지!$H$5 -> 171750 | Y5: =N5 -> #REF! | Z5: =X5-Y5 -> #REF! | AA5: =SUMIF(#REF!,갑지!$S5,#REF!) -> #REF! | AB5: =V5+Z5 -> #REF!
A6: =ROW()-4 -> 2 | B6: 현대제철_대도_당진 | C6: =SUMIFS(스크랩출고량!$M$4:$M$287,스크랩출고량!$C$4:$C$287,갑지!$B6,스크랩출고량!$I$4:$I$287,"세화철강")+SUMIFS(스크랩출고량!$M$4:$M$287,스크랩출고량!$C$4:$C$287,갑지!$B6,스크랩출고량!$I$4:$I$287,"선진알앤디") -> 228610 | D6: =SUMIFS(스크랩출고량!$M$4:$M$287,스크랩출고량!$C$4:$C$287,갑지!B6,스크랩출고량!$I$4:$I$287,"대신에스티에스") -> 0 | E6: =SUMIFS(스크랩출고량!$M$4:$M$287,스크랩출고량!$C$4:$C$287,갑지!$B6,스크랩출고량!$I$4:$I$287,"다옴금속") -> 60 | F6: =SUMIFS(스크랩출고량!$M$4:$M$287,스크랩출고량!$C$4:$C$287,갑지!$B6,스크랩출고량!$I$4:$I$287,"다문산업") -> 1670 | H6: =SUM(C6:G6) -> 230340 | I6: =SUMIFS(#REF!,#REF!,$B6,#REF!,갑지!I$4) -> #REF! | J6: =SUMIFS(#REF!,#REF!,$B6,#REF!,갑지!J$4) -> #REF! | K6: =SUMIFS(#REF!,#REF!,$B6,#REF!,갑지!K$4) -> #REF! | L6: =SUMIFS(#REF!,#REF!,$B6,#REF!,갑지!L$4) -> #REF! | M6: =SUMIFS(#REF!,#REF!,$B6,#REF!,"화성조이켐") -> #REF! | N6: =SUM(I6:M6) -> #REF! | O6: =N6+H6 -> #REF! | R6: =ROW()-4 -> 2 | S6: 현대제철_대도_당진 | T6: =[4]갑지!$E$9 -> 36680 | U6: =H6 -> 230340 | V6: =T6-U6 -> -193660 | W6: =SUMIF(스크랩출고량!$C$4:$C$287,갑지!$S6,스크랩출고량!$R$4:$R$287) -> 127582860 | X6: =[5]갑지!$H$6 -> 180 | Y6: =N6 -> #REF! | Z6: =X6-Y6 -> #REF! | AA6: =SUMIF(#REF!,갑지!$S6,#REF!) -> #REF! | AB6: =V6+Z6 -> #REF!
A7: =ROW()-4 -> 3 | B7: 동우PL1린텍_크로스_평택 | C7: =SUMIFS(스크랩출고량!$M$4:$M$287,스크랩출고량!$C$4:$C$287,갑지!$B7,스크랩출고량!$I$4:$I$287,"세화철강")+SUMIFS(스크랩출고량!$M$4:$M$287,스크랩출고량!$C$4:$C$287,갑지!$B7,스크랩출고량!$I$4:$I$287,"선진알앤디") -> 127420 | D7: =SUMIFS(스크랩출고량!$M$4:$M$287,스크랩출고량!$C$4:$C$287,갑지!B7,스크랩출고량!$I$4:$I$287,"대신에스티에스") -> 16105 | E7: =SUMIFS(스크랩출고량!$M$4:$M$287,스크랩출고량!$C$4:$C$287,갑지!$B7,스크랩출고량!$I$4:$I$287,"다옴금속") -> 669 | F7: =SUMIFS(스크랩출고량!$M$4:$M$287,스크랩출고량!$C$4:$C$287,갑지!$B7,스크랩출고량!$I$4:$I$287,"다문산업") -> 0 | H7: =SUM(C7:G7) -> 144194 | I7: =SUMIFS(#REF!,#REF!,$B7,#REF!,갑지!I$4) -> #REF! | J7: =SUMIFS(#REF!,#REF!,$B7,#REF!,갑지!J$4) -> #REF! | K7: =SUMIFS(#REF!,#REF!,$B7,#REF!,갑지!K$4) -> #REF! | L7: =SUMIFS(#REF!,#REF!,$B7,#REF!,갑지!L$4) -> #REF! | M7: =SUMIFS(#REF!,#REF!,$B7,#REF!,"화성조이켐") -> #REF! | N7: =SUM(I7:M7) -> #REF! | O7: =N7+H7 -> #REF! | R7: =ROW()-4 -> 3 | S7: 동우PL1린텍_크로스_평택 | T7: =[4]갑지!$E$6 -> 92570 | U7: =H7 -> 144194 | V7: =T7-U7 -> -51624 | W7: =SUMIF(스크랩출고량!$C$4:$C$287,갑지!$S7,스크랩출고량!$R$4:$R$287) -> 93236660 | X7: =[5]갑지!$H$7 -> 17290 | Y7: =N7 -> #REF! | Z7: =X7-Y7 -> #REF! | AA7: =SUMIF(#REF!,갑지!$S7,#REF!) -> #REF! | AB7: =V7+Z7 -> #REF!
A8: =ROW()-4 -> 4 | B8: 대도_서울 상계동 | C8: =SUMIFS(스크랩출고량!$M$4:$M$287,스크랩출고량!$C$4:$C$287,"서울 상계동",스크랩출고량!$I$4:$I$287,"세화철강")+SUMIFS(스크랩출고량!$M$4:$M$287,스크랩출고량!$C$4:$C$287,"서울 상계동",스크랩출고량!$I$4:$I$287,"선진알앤디") -> 0 | D8: =SUMIFS(스크랩출고량!$M$4:$M$287,스크랩출고량!$C$4:$C$287,"서울 상계동",스크랩출고량!$I$4:$I$287,"대신에스티에스") -> 0 | E8: =SUMIFS(스크랩출고량!$M$4:$M$287,스크랩출고량!$C$4:$C$287,"서울 상계동",스크랩출고량!$I$4:$I$287,"다옴금속")+SUMIFS(스크랩출고량!$M$4:$M$287,스크랩출고량!$C$4:$C$287,"서울 상계동",스크랩출고량!$I$4:$I$287,"다옴금속_유리하이텍") -> 0 | F8: =SUMIFS(스크랩출고량!$M$4:$M$287,스크랩출고량!$C$4:$C$287,"서울 상계동",스크랩출고량!$I$4:$I$287,"다문산업") -> 0 | G8: =SUMIFS(스크랩출고량!$M$4:$M$287,스크랩출고량!$C$4:$C$287,"서울 상계동",스크랩출고량!$I$4:$I$287,"상록기전") -> 0 | H8: =SUM(C8:G8) -> 0 | I8: =SUMIFS(#REF!,#REF!,"서울 상계동",#REF!,갑지!I$4) -> #REF! | J8: =SUMIFS(#REF!,#REF!,"서울 상계동",#REF!,갑지!J$4) -> #REF! | K8: =SUMIFS(#REF!,#REF!,"서울 상계동",#REF!,갑지!K$4) -> #REF! | L8: =SUMIFS(#REF!,#REF!,"서울 상계동",#REF!,갑지!L$4) -> #REF! | M8: =SUMIFS(#REF!,#REF!,"서울 상계동",#REF!,갑지!M$4) -> #REF! | N8: =SUM(I8:M8) -> #REF! | O8: =N8+H8 -> #REF! | R8: =ROW()-4 -> 4 | S8: 대도_서울 상계동 | T8: =[4]갑지!$E$7 -> 62900 | U8: =H8 -> 0 | V8: =T8-U8 -> 62900 | W8: =SUMIF(스크랩출고량!$C$4:$C$287,"서울 상계동",스크랩출고량!$R$4:$R$287) -> 0 | X8: =[5]갑지!$H$8 -> 120 | Y8: =N8 -> #REF! | Z8: =X8-Y8 -> #REF! | AA8: =SUMIF(#REF!,갑지!$S8,#REF!) -> #REF! | AB8: =V8+Z8 -> #REF!
A9: =ROW()-4 -> 5 | B9: 현대_크로스_군산 | C9: =SUMIFS(스크랩출고량!$M$4:$M$287,스크랩출고량!$C$4:$C$287,갑지!$B9,스크랩출고량!$I$4:$I$287,"세화철강")+SUMIFS(스크랩출고량!$M$4:$M$287,스크랩출고량!$C$4:$C$287,갑지!$B9,스크랩출고량!$I$4:$I$287,"선진알앤디") -> 0 | D9: =SUMIFS(스크랩출고량!$M$4:$M$287,스크랩출고량!$C$4:$C$287,갑지!B9,스크랩출고량!$I$4:$I$287,"대신에스티에스") -> 0 | E9: =SUMIFS(스크랩출고량!$M$4:$M$287,스크랩출고량!$C$4:$C$287,갑지!$B9,스크랩출고량!$I$4:$I$287,"다옴금속") -> 0 | F9: =SUMIFS(스크랩출고량!$M$4:$M$287,스크랩출고량!$C$4:$C$287,갑지!$B9,스크랩출고량!$I$4:$I$287,"다문산업") -> 26390 | G9: =SUMIFS(스크랩출고량!$M$4:$M$287,스크랩출고량!$C$4:$C$287,갑지!$B9,스크랩출고량!$I$4:$I$287,"전진유압상사")+SUMIFS(스크랩출고량!$M$4:$M$287,스크랩출고량!$C$4:$C$287,갑지!$B9,스크랩출고량!$I$4:$I$287,"다온산업") -> 0 | H9: =SUM(C9:G9) -> 26390 | I9: =SUMIFS(#REF!,#REF!,$B9,#REF!,갑지!I$4) -> #REF! | J9: =SUMIFS(#REF!,#REF!,$B9,#REF!,갑지!J$4) -> #REF! | K9: =SUMIFS(#REF!,#REF!,$B9,#REF!,갑지!K$4) -> #REF! | L9: =SUMIFS(#REF!,#REF!,$B9,#REF!,갑지!L$4) -> #REF! | M9: =SUMIFS(#REF!,#REF!,$B9,#REF!,"화성조이켐") -> #REF! | N9: =SUM(I9:M9) -> #REF! | O9: =N9+H9 -> #REF! | R9: =ROW()-4 -> 5 | S9: 현대_크로스_군산 | T9: =[4]갑지!$E$10 -> 2244410 | U9: =H9 -> 26390 | V9: =T9-U9 -> 2218020 | W9: =SUMIF(스크랩출고량!$C$4:$C$287,갑지!$S9,스크랩출고량!$R$4:$R$287) -> 383410000 | X9: =[5]갑지!$H$9 -> 35880 | Y9: =N9 -> #REF! | Z9: =X9-Y9 -> #REF! | AA9: =SUMIF(#REF!,갑지!$S9,#REF!) -> #REF! | AB9: =V9+Z9 -> #REF!
A10: =ROW()-4 -> 6 | B10: 잠실동 실내철거 | C10: =SUMIFS(스크랩출고량!$M$4:$M$287,스크랩출고량!$C$4:$C$287,"서울 잠실동",스크랩출고량!$I$4:$I$287,"세화철강")+SUMIFS(스크랩출고량!$M$4:$M$287,스크랩출고량!$C$4:$C$287,"서울 잠실동",스크랩출고량!$I$4:$I$287,"선진알앤디") -> 2720 | D10: =SUMIFS(스크랩출고량!$M$4:$M$287,스크랩출고량!$C$4:$C$287,"서울 잠실동",스크랩출고량!$I$4:$I$287,"대신에스티에스") -> 0 | E10: =SUMIFS(스크랩출고량!$M$4:$M$287,스크랩출고량!$C$4:$C$287,"서울 잠실동",스크랩출고량!$I$4:$I$287,"다옴금속") -> 900 | F10: =SUMIFS(스크랩출고량!$M$4:$M$287,스크랩출고량!$C$4:$C$287,"서울 잠실동",스크랩출고량!$I$4:$I$287,"다문산업") -> 0 | H10: =SUM(C10:G10) -> 3620 | I10: =SUMIFS(#REF!,#REF!,"서울 잠실동",#REF!,갑지!I$4) -> #REF! | J10: =SUMIFS(#REF!,#REF!,"서울 잠실동",#REF!,갑지!J$4) -> #REF! | K10: =SUMIFS(#REF!,#REF!,"서울 잠실동",#REF!,갑지!K$4) -> #REF! | L10: =SUMIFS(#REF!,#REF!,"서울 잠실동",#REF!,갑지!L$4) -> #REF! | M10: =SUMIFS(#REF!,#REF!,"서울 잠실동",#REF!,"그린스톤산업") -> #REF! | N10: =SUM(I10:M10) -> #REF! | O10: =N10+H10 -> #REF! | P10: 기타 현장 | R10: =ROW()-4 -> 6 | S10: 잠실동 실내철거 | T10: =[4]갑지!$E$11 -> 4690 | U10: =H10 -> 3620 | V10: =T10-U10 -> 1070 | W10: =SUMIF(스크랩출고량!$C$4:$C$287,"서울 잠실동",스크랩출고량!$R$4:$R$287) -> 4597800 | X10: =[5]갑지!$H$10 -> 324930 | Y10: =N10 -> #REF! | Z10: =X10-Y10 -> #REF! | AA10: =SUMIF(#REF!,갑지!$S10,#REF!) -> #REF! | AB10: =V10+Z10 -> #REF! | AC10: 크로스에서 정산
A11: =ROW()-4 -> 7 | B11: LT메탈_대도_인천 | C11: =SUMIFS(스크랩출고량!$M$4:$M$287,스크랩출고량!$C$4:$C$287,갑지!$B11,스크랩출고량!$I$4:$I$287,"세화철강")+SUMIFS(스크랩출고량!$M$4:$M$287,스크랩출고량!$C$4:$C$287,갑지!$B11,스크랩출고량!$I$4:$I$287,"선진알앤디") -> 0 | D11: =SUMIFS(스크랩출고량!$M$4:$M$287,스크랩출고량!$C$4:$C$287,갑지!B11,스크랩출고량!$I$4:$I$287,"대신에스티에스") -> 0 | E11: =SUMIFS(스크랩출고량!$M$4:$M$287,스크랩출고량!$C$4:$C$287,갑지!$B11,스크랩출고량!$I$4:$I$287,"다옴금속")+SUMIFS(스크랩출고량!$M$4:$M$287,스크랩출고량!$C$4:$C$287,갑지!$B11,스크랩출고량!$I$4:$I$287,"다옴금속_유리하이텍") -> 0 | F11: =SUMIFS(스크랩출고량!$M$4:$M$287,스크랩출고량!$C$4:$C$287,갑지!$B11,스크랩출고량!$I$4:$I$287,"다문산업") -> 0 | H11: =SUM(C11:G11) -> 0 | I11: =SUMIFS(#REF!,#REF!,$B11,#REF!,갑지!I$4) -> #REF! | J11: =SUMIFS(#REF!,#REF!,$B11,#REF!,갑지!J$4) -> #REF! | K11: =SUMIFS(#REF!,#REF!,$B11,#REF!,갑지!K$4) -> #REF! | L11: =SUMIFS(#REF!,#REF!,$B11,#REF!,갑지!L$4) -> #REF! | M11: =SUMIFS(#REF!,#REF!,$B11,#REF!,"화성조이켐") -> #REF! | N11: =SUM(I11:M11) -> #REF! | O11: =N11+H11 -> #REF! | P11: 기타 현장 | R11: =ROW()-4 -> 7 | S11: LT메탈_대도_인천 | T11: =[4]갑지!$E$12 -> 58770 | U11: =H11 -> 0 | V11: =T11-U11 -> 58770 | W11: =SUMIF(스크랩출고량!$C$4:$C$287,갑지!$S11,스크랩출고량!$R$4:$R$287) -> 0 | X11: =[5]갑지!$H$11 -> 0 | Y11: =N11 -> #REF! | Z11: =X11-Y11 -> #REF! | AA11: =SUMIF(#REF!,갑지!$S11,#REF!) -> #REF! | AB11: =V11+Z11 -> #REF!
A12: =ROW()-4 -> 8 | B12: LT메탈 남동공장 | R12: =ROW()-4 -> 8 | S12: LT메탈 남동공장 | T12: =[4]갑지!$E$8 -> 18410
A13: =ROW()-4 -> 9 | B13: 종료 현장 | C13: =C14-SUM(C5:C11) -> 123020 | D13: =D14-SUM(D5:D11) -> 25042 | E13: =E14-SUM(E5:E11) -> 37180 | F13: =F14-SUM(F5:F11) -> 13140 | G13: =스크랩출고량!#REF!-SUM(갑지!C14:F14)-SUM(갑지!G5:G11) -> #REF! | H13: =SUM(C13:G13) -> #REF! | I13: 176770 | K13: 10750 | N13: =SUM(I13:M13) -> 187520 | O13: =N13+H13 -> #REF! | R13: =ROW()-4 -> 9 | S13: 종료 현장 | T13: =[4]갑지!$E$13 -> 2593890 | U13: =H13 -> #REF! | W13: =스크랩출고량!#REF!-SUM(갑지!W5:W11) -> #REF! | X13: =[5]갑지!$H$12 -> 0 | Y13: =N13 -> 187520 | AA13: =SUMIF(#REF!,갑지!$S13,#REF!) -> #REF! | AB13: 554401
A14: 총 합계 | C14: =SUMIF(스크랩출고량!$I$4:$I$287,"세화철강",스크랩출고량!$M$4:$M$287)+SUMIF(스크랩출고량!$I$4:$I$287,"선진알앤디",스크랩출고량!$M$4:$M$287)+SUMIF(스크랩출고량!$I$4:$I$287,"세화철강_크로스특수",스크랩출고량!$M$4:$M$287)+SUMIF(스크랩출고량!$I$4:$I$287,"세화철강_투플러스",스크랩출고량!$M$4:$M$287) -> 2210370 | D14: =SUMIF(스크랩출고량!$I$4:$I$287,"대신에스티에스",스크랩출고량!$M$4:$M$287) -> 89860 | E14: =SUMIF(스크랩출고량!$I$4:$I$287,"다옴금속",스크랩출고량!$M$4:$M$287)+SUMIF(스크랩출고량!$I$4:$I$287,"다옴금속_유리하이텍",스크랩출고량!$M$4:$M$287)+SUMIF(스크랩출고량!$I$4:$I$287,"다옴메탈",스크랩출고량!$M$4:$M$287)+SUMIF(스크랩출고량!$I$4:$I$287,"다옴메탈_유리하이텍",스크랩출고량!$M$4:$M$287) -> 42400 | F14: =SUMIF(스크랩출고량!$I$4:$I$287,"다문산업",스크랩출고량!$M$4:$M$287)+SUMIF(스크랩출고량!$I$4:$I$287,"다문산업_크로스특수",스크랩출고량!$M$4:$M$287) -> 152400 | G14: =SUM(G5:G13) -> #REF! | H14: =SUM(H5:H13) -> #REF! | I14: =SUM(I5:I13) -> #REF! | J14: =SUM(J5:J13) -> #REF! | K14: =SUM(K5:K13) -> #REF! | L14: =SUM(L5:L13) -> #REF! | M14: =SUM(M5:M13) -> #REF! | N14: =SUM(N5:N13) -> #REF! | O14: =SUM(O5:O13) -> #REF!
A15: ※ 종료된 현장 제외 | P15: 단위 : kg
A16: 거래처명 | B16: (모두) | F16: 제품명 | G16: (모두)
A17: 프로젝트명 | B17: (모두) | F17: 거래처명 | G17: (모두) | K17: 배출자 | L17: (모두)
A19: 출고일(년, 월) | B19: 원방 실중량(kg) | C19: 정산중량(kg) | D19: 정산 금액(원) | F19: 프로젝트명 | G19: 원방 실중량(kg) | H19: 정산중량(kg) | I19: 정산금액(원) | K19: 프로젝트명 | L19: 원방 실중량(kg) | M19: 정산중량(kg) | N19: 정산금액(원)
A20: 2025년 | B20: 33900 | C20: 33870 | D20: 67367470 | F20: LT메탈 남동공장 | G20: 12230 | H20: 12807 | I20: 18044700 | K20: 기타 현장 | L20: 2830 | M20: 2830 | N20: 0
A21: 9월 | B21: 33900 | C21: 33870 | D21: 67367470 | F21: 대도_서울 상계동 | G21: 41700 | H21: 41660 | I21: 41579000 | K21: 동우PL1린텍_크로스_평택 | L21: 467740 | M21: 468080 | N21: -67893500
A22: 2026년 | B22: 2525310 | C22: 2522771.5 | D22: 3.2564344e+09 | F22: 동우PL1린텍_크로스_평택 | G22: 144194 | H22: 143956 | I22: 93236660 | K22: 포스코_KM_안산 | L22: 189850 | M22: 195940 | N22: -35739925
A23: 5월 | B23: 2161310 | C23: 2160102.5 | D23: 2.3853014e+09 | F23: 삼성_대도_온양 | G23: 2070 | H23: 2070 | I23: 4243500 | K23: 혼합 | L23: 13640 | M23: 13640 | N23: -2318800
A24: 6월 | B24: 364000 | C24: 362669 | D24: 871132970 | F24: 포스코_KM_안산 | G24: 1951924 | H24: 1949057 | I24: 2.355549e+09 | K24: 삼성전자_이텍솔루션_안성 | L24: 3860 | M24: 3860 | N24: 0
A25: 총합계 | B25: 2559210 | C25: 2556641.5 | D25: 3.3238019e+09 | F25: 현대_크로스_군산 | G25: 26390 | H25: 27347 | I25: 383410000 | K25: 총합계 | L25: 677920 | M25: 684350 | N25: -105952225
F26: 현대제철_대도_당진 | G26: 230340 | H26: 230094 | I26: 127582860
F27: 듀폰 천안공장 | G27: 9130 | H27: 9130 | I27: 5285900
F28: 삼성전자_이텍솔루션_안성 | G28: 72418 | H28: 72049 | I28: 139260750
F29: 에코코리아 | G29: 2392 | H29: 2392 | I29: 10664000
F30: 총합계 | G30: 2492788 | H30: 2490562 | I30: 3.1788564e+09
F34: ■ 현장별 제품별 출고 현황 | K34: ■ 현장별 재고 현황
F36: 프로젝트명 | G36: 삼성전자_이텍솔루션_안성 | K36: 프로젝트명 | L36: 입고량 | M36: 스크랩 출고량 | N36: 폐기물 출고량 | O36: 재고량
K37: 삼성전자_이텍솔루션_안성 | L37: =[6]갑지!$I$9 -> 118420 | M37: =VLOOKUP(K37,$F$19:$H$31,2,0) -> 72418 | N37: =VLOOKUP(K37,$K$19:$M$28,2,0) -> 3860 | O37: =L37-M37-N37 -> 42142
F38: 제품명 | G38: 원방 실중량(kg) | H38: 정산중량(kg) | I38: 합계 금액(원) | K38: 대도_서울 상계동 | L38: =[7]갑지!$I$5 -> 334930 | M38: =VLOOKUP(K38,$F$19:$H$31,2,0) -> 41700 | N38: 120 | O38: =L38-M38-N38 -> 293110
F39: STS304 | G39: 9090 | H39: 8709 | I39: 17853450 | K39: LT메탈 남동공장 | L39: =[6]갑지!$I$6 -> 18410 | M39: =VLOOKUP(K39,$F$19:$H$31,2,0) -> 12230 | O39: =L39-M39-N39 -> 6180
F40: 고철(경A) | G40: 11710 | H40: 11650 | I40: 5708500 | K40: 현대제철_대도_당진 | L40: =[6]갑지!$I$7 -> 265168 | M40: =VLOOKUP(K40,$F$19:$H$31,2,0) -> 230340 | N40: 180 | O40: =L40-M40-N40 -> 34648
F41: 고철(경A+B) | G41: 11160 | H41: 11040 | I41: 5409600 | K41: 동우PL1린텍_크로스_평택 | L41: =[6]갑지!$I$11 -> 700000 | M41: =VLOOKUP(K41,$F$19:$H$31,2,0) -> 144194 | N41: =VLOOKUP(K41,$K$19:$M$28,2,0) -> 467740 | O41: =L41-M41-N41 -> 88066
F42: 고철(경B) | G42: 9030 | H42: 8970 | I42: 4215900 | K42: 포스코_KM_안산 | L42: =[6]갑지!$I$10 -> 3881601 | M42: =VLOOKUP(K42,$F$19:$H$31,2,0) -> 1951924 | N42: =VLOOKUP(K42,$K$19:$M$28,2,0) -> 189850 | O42: =L42-M42-N42 -> 1739827
F43: 고철(중량) | G43: 7700 | H43: 7700 | I43: 3882500 | K43: 에코코리아 | L43: 2698 | M43: =VLOOKUP(K43,$F$19:$H$31,2,0) -> 2392 | O43: =L43-M43-N43 -> 306
F44: 설비부품 | G44: 60 | H44: 60 | I44: 0 | K44: 듀폰 천안공장 | L44: 15130 | M44: =VLOOKUP(K44,$F$19:$H$31,2,0) -> 9130 | O44: =L44-M44-N44 -> 6000
F45: 알판재 60 | G45: 7210 | H45: 7200 | I45: 29520000
F46: 알판재 A | G46: 12120 | H46: 12092 | I46: 53204800
F47: 저니켈강 | H47: 320 | I47: 80000
F48: 프로파일 A | G48: 4338 | H48: 4308 | I48: 19386000 | K48: ※ 재고량 : 비철 작업 후 폐기물 포함
F49: 총합계 | G49: 72418 | H49: 72049 | I49: 139260750

Sheet 스크랩출고량
B1: 거래처별 출고 현황 (2025.09.26 ~ )
M2: =SUBTOTAL(9,M4:M287) -> 2559210 | N2: =SUBTOTAL(9,N4:N287) -> 2111594.5 | P2: =SUBTOTAL(9,P4:P287) -> 2556641.5 | R2: =SUBTOTAL(9,R4:R287) -> 3.3238019e+09
A3: NO. | B3: 계량일 | C3: 프로젝트명 | D3: 상차지 | E3: 차종 | F3: 차량번호 | G3: 운전자 | H3: 연락처 | I3: 거래처명 | J3: 제품명 | K3: 공차중량(kg) | L3: 총중량(kg) | M3: 실중량(kg) | N3: 거래처 감량 전 실중량(kg) | O3: 감량(kg) | P3: 정산 중량(kg) | Q3: 단가(원) | R3: 금액(원) | S3: 구분 | T3: 자회사 출고
A4: =ROW()-3 -> 1 | B4: 45926 | C4: 혼합 | E4: 집게차 | F4: 81오1758 | I4: 대신에스티에스 | J4: STS304 | K4: 19200 | L4: 24190 | M4: =L4-K4 -> 4990 | N4: 4770 | P4: 4770 | Q4: 1710 | R4: =Q4*P4 -> 8156700 | S4: 출고
A5: 1 | B5: =B4 -> 45926 | C5: =C4 -> 혼합 | E5: =E4 -> 집게차 | F5: =F4 -> 81오1758 | I5: 대신에스티에스 | J5: 저니켈강 | N5: 220 | P5: 220 | Q5: 300 | R5: =Q5*P5 -> 66000 | S5: =S4 -> 출고
A6: =ROW()-4 -> 2 | B6: 45926 | C6: 혼합 | E6: 집게차 | F6: 96로8332 | I6: 다문산업 | J6: 잡선 | K6: 12630 | L6: 13000 | M6: =L6-K6 -> 370 | N6: 370 | P6: =N6-O6 -> 370 | Q6: 3890 | R6: =Q6*P6 -> 1439300 | S6: 출고
A7: =ROW()-4 -> 3 | B7: 45926 | C7: =C6 -> 혼합 | E7: =E6 -> 집게차 | F7: =F6 -> 96로8332 | I7: 다문산업 | J7: 중선 | K7: 13000 | L7: 13240 | M7: =L7-K7 -> 240 | N7: 240 | P7: =N7-O7 -> 240 | Q7: 5130 | R7: =Q7*P7 -> 1231200 | S7: =S6 -> 출고
A8: =ROW()-4 -> 4 | B8: 45926 | C8: =C7 -> 혼합 | E8: =E7 -> 집게차 | F8: =F7 -> 96로8332 | I8: 다문산업 | J8: 상선 | K8: 13240 | L8: 13320 | M8: =L8-K8 -> 80 | N8: 80 | O8: 3 | P8: =N8-O8 -> 77 | Q8: 8360 | R8: =Q8*P8 -> 643720 | S8: =S7 -> 출고
A9: =ROW()-4 -> 5 | B9: 45926 | C9: =C8 -> 혼합 | E9: =E8 -> 집게차 | F9: =F8 -> 96로8332 | I9: 다문산업 | J9: A동 | K9: 13320 | L9: 14740 | M9: =L9-K9 -> 1420 | N9: 1420 | P9: =N9-O9 -> 1420 | Q9: 13400 | R9: =Q9*P9 -> 19028000 | S9: =S8 -> 출고
A10: =ROW()-4 -> 6 | B10: 45926 | C10: =C9 -> 혼합 | E10: =E9 -> 집게차 | F10: =F9 -> 96로8332 | I10: 다문산업 | J10: 상동 | K10: 14740 | L10: 15050 | M10: =L10-K10 -> 310 | N10: 240 | P10: =N10-O10 -> 240 | Q10: 12900 | R10: =Q10*P10 -> 3096000 | S10: =S9 -> 출고
A11: =ROW()-4 -> 7 | B11: 45926 | C11: =C10 -> 혼합 | E11: =E10 -> 집게차 | F11: =F10 -> 96로8332 | I11: 다문산업 | J11: 하동 | N11: 50 | P11: =N11-O11 -> 50 | Q11: 12000 | R11: =Q11*P11 -> 600000 | S11: =S10 -> 출고
A12: =ROW()-4 -> 8 | B12: 45926 | C12: =C11 -> 혼합 | E12: =E11 -> 집게차 | F12: =F11 -> 96로8332 | I12: 다문산업 | J12: 작업철(알모터) | K12: 15050 | L12: 19230 | M12: =L12-K12 -> 4180 | N12: 4190 | O12: 25 | P12: =N12-O12 -> 4165 | Q12: 2610 | R12: =Q12*P12 -> 10870650 | S12: =S11 -> 출고
A13: =ROW()-4 -> 9 | B13: 45926 | C13: =C12 -> 혼합 | E13: =E12 -> 집게차 | F13: =F12 -> 96로8332 | I13: 다문산업 | J13: 라지에이타 | K13: 19230 | L13: 20260 | M13: =L13-K13 -> 1030 | N13: 1040 | P13: 1050 | Q13: 6400 | R13: =Q13*P13 -> 6720000 | S13: =S12 -> 출고
A14: =ROW()-4 -> 10 | B14: 45926 | C14: =C13 -> 혼합 | E14: =E13 -> 집게차 | F14: =F13 -> 96로8332 | I14: 다문산업 | J14: 신주 1(잡A) | K14: 20260 | L14: 20600 | M14: =L14-K14 -> 340 | N14: 350 | O14: 13 | P14: =N14-O14 -> 337 | Q14: 8200 | R14: =Q14*P14 -> 2763400 | S14: =S13 -> 출고
A15: =ROW()-4 -> 11 | B15: 45926 | C15: =C14 -> 혼합 | E15: =E14 -> 집게차 | F15: =F14 -> 96로8332 | I15: 다문산업 | J15: 신주 2(작업신주) | K15: 20600 | L15: 20700 | M15: =L15-K15 -> 100 | N15: 100 | O15: 3 | P15: =N15-O15 -> 97 | Q15: 6500 | R15: =Q15*P15 -> 630500 | S15: =S14 -> 출고
A16: =ROW()-4 -> 12 | B16: 45926 | C16: =C15 -> 혼합 | E16: =E15 -> 집게차 | F16: =F15 -> 96로8332 | I16: 다문산업 | J16: 트랜스 | K16: 20700 | L16: 21240 | M16: =L16-K16 -> 540 | N16: 230 | O16: 3 | P16: =N16-O16 -> 227 | Q16: 1850 | R16: =Q16*P16 -> 419950 | S16: =S15 -> 출고
A17: =ROW()-4 -> 13 | B17: 45926 | C17: =C16 -> 혼합 | E17: =E16 -> 집게차 | F17: =F16 -> 96로8332 | I17: 다문산업 | J17: 고철 | N17: 310 | O17: 3 | P17: =N17-O17 -> 307 | Q17: 500 | R17: =Q17*P17 -> 153500 | S17: =S16 -> 출고
A18: =ROW()-4 -> 14 | B18: 45929 | C18: 혼합 | E18: 집게차 | F18: 87주8410 | I18: 세화철강 | J18: 고철(중량) | K18: 14070 | L18: 23360 | M18: =L18-K18 -> 9290 | N18: 9290 | P18: 9290 | Q18: 365 | R18: =Q18*P18 -> 3390850 | S18: 출고
A19: =ROW()-4 -> 15 | B19: 45929 | C19: 혼합 | E19: 집게차 | F19: 87주8410 | I19: 세화철강 | J19: 고철(중량) | M19: 9580 | N19: 9580 | P19: 9580 | Q19: 365 | R19: =Q19*P19 -> 3496700 | S19: 출고
A20: =ROW()-4 -> 16 | B20: 45930 | C20: 혼합 | E20: 집게차 | F20: 819도9774 | I20: 다옴금속 | J20: 프로파일 A | K20: 17770 | L20: 18910 | M20: =L20-K20 -> 1140 | P20: 1140 | Q20: 3300 | R20: =Q20*P20 -> 3762000 | S20: 출고
A21: =ROW()-4 -> 17 | B21: 45930 | C21: =C20 -> 혼합 | E21: 집게차 | F21: =F20 -> 819도9774 | I21: 다옴금속 | J21: 알판재 60 | K21: 18910 | L21: 19200 | M21: =L21-K21 -> 290 | P21: 290 | Q21: 3100 | R21: =Q21*P21 -> 899000 | S21: =S20 -> 출고
A22: =ROW()-4 -> 18 | B22: 46146 | C22: 포스코_KM_안산 | D22: 현장 | E22: 집게차 | F22: 87주8410 | G22: 배민국 | H22: 010-9110-0126 | I22: 선진알앤디 | J22: 고철(경B) | K22: 14080 | L22: 17880 | M22: =L22-K22 -> 3800 | N22: 3800 | P22: =N22 -> 3800 | Q22: 410 | R22: =Q22*P22 -> 1558000 | S22: 출고
A23: =ROW()-4 -> 19 | B23: 46146 | C23: 포스코_KM_안산 | D23: 원방 | E23: 집게차 | F23: 87주8410 | G23: 배민국 | H23: 010-9110-0126 | I23: 선진알앤디 | J23: 고철(경량) | K23: 14060 | L23: 18010 | M23: =L23-K23 -> 3950 | N23: 3910 | P23: =N23 -> 3910 | Q23: 410 | R23: =Q23*P23 -> 1603100 | S23: 출고
A24: =ROW()-4 -> 20 | B24: 46146 | C24: 포스코_KM_안산 | D24: 원방 | E24: 집게차 | F24: 87주8410 | G24: 배민국 | H24: 010-9110-0126 | I24: 선진알앤디 | J24: 고철(경량) | K24: 14090 | L24: 17180 | M24: =L24-K24 -> 3090 | N24: 3130 | P24: =N24 -> 3130 | Q24: 410 | R24: =Q24*P24 -> 1283300 | S24: 출고
A25: =ROW()-4 -> 21 | B25: 46146 | C25: 포스코_KM_안산 | D25: 원방 | E25: 집게차 | F25: 87주8410 | G25: 배민국 | H25: 010-9110-0126 | I25: 선진알앤디 | J25: 고철(경량) | K25: 14020 | L25: 17780 | M25: =L25-K25 -> 3760 | N25: 3760 | P25: =N25 -> 3760 | Q25: 410 | R25: =Q25*P25 -> 1541600 | S25: 출고
A26: =ROW()-4 -> 22 | B26: 46146 | C26: 포스코_KM_안산 | D26: 원방 | E26: 집게차 | F26: 87주8410 | G26: 배민국 | H26: 010-9110-0126 | I26: 선진알앤디 | J26: 고철(경량) | K26: 14030 | L26: 17650 | M26: =L26-K26 -> 3620 | N26: 3620 | P26: =N26 -> 3620 | Q26: 410 | R26: =Q26*P26 -> 1484200 | S26: 출고
A27: =ROW()-4 -> 23 | B27: 46146 | C27: 대도_서울 상계동 | D27: 원방 | E27: 집게차 | F27: 87주8410 | G27: 배민국 | H27: 010-9110-0126 | I27: 선진알앤디 | J27: 고철(경량) | K27: 14040 | L27: 16920 | M27: =L27-K27 -> 2880 | N27: 3040 | P27: =N27 -> 3040 | Q27: 410 | R27: =Q27*P27 -> 1246400 | S27: 출고
A28: =ROW()-4 -> 24 | B28: 46146 | C28: 서울 잠실동 | D28: 원방 | E28: 집게차 | F28: 87주8410 | G28: 배민국 | H28: 010-9110-0126 | I28: 선진알앤디 | J28: 고철(철근) | K28: 16920 | L28: 19640 | M28: =L28-K28 -> 2720 | N28: 2590 | P28: =N28 -> 2590 | Q28: 420 | R28: =Q28*P28 -> 1087800 | S28: =S27 -> 출고
A29: =ROW()-4 -> 25 | B29: 46147 | C29: 포스코_KM_안산 | D29: 현장 | E29: 집게차 | F29: 87주8410 | G29: 배민국 | H29: 010-9110-0126 | I29: 세화철강 | J29: 고철(경A) | K29: 14220 | L29: 17620 | M29: =L29-K29 -> 3400 | N29: 3370 | P29: =M29 -> 3400 | Q29: 420 | R29: =Q29*P29 -> 1428000 | S29: 출고
A30: =ROW()-4 -> 26 | B30: 46147 | C30: 포스코_KM_안산 | D30: 원방 | E30: 집게차 | F30: 87주8410 | G30: 배민국 | H30: 010-9110-0126 | I30: 대신에스티에스 | J30: STS316 | K30: 14070 | L30: 21810 | M30: =(L30-K30)*0.7 -> 5418 | N30: =7710*0.7 -> 5397 | O30: 9 | P30: =N30-O30 -> 5388 | Q30: 3800 | R30: =Q30*P30 -> 20474400 | S30: 출고
A31: =ROW()-4 -> 27 | B31: 46147 | C31: 듀폰3공장 | D31: 원방 | E31: 집게차 | F31: 87주8410 | G31: 배민국 | H31: 010-9110-0126 | I31: 대신에스티에스 | J31: STS316 | M31: =(L30-K30)*0.3 -> 2322 | N31: =(7710*0.3)-N32 -> 1213 | P31: =N31 -> 1213 | Q31: 3800 | R31: =Q31*P31 -> 4609400 | S31: =S30 -> 출고
A32: =ROW()-4 -> 28 | B32: 46147 | C32: 듀폰3공장 | D32: 원방 | E32: 집게차 | F32: 87주8410 | G32: 배민국 | H32: 010-9110-0126 | I32: 대신에스티에스 | J32: STS316장척 | N32: 1100 | P32: =N32 -> 1100 | Q32: 3750 | R32: =Q32*P32 -> 4125000 | S32: =S31 -> 출고
A33: =ROW()-4 -> 29 | B33: 46149 | C33: 대도_서울 상계동 | D33: 원방 | E33: 집게차 | F33: 87주8410 | G33: 배민국 | H33: 010-9110-0126 | I33: 대신에스티에스 | J33: STS304 | M33: 510 | N33: 510 | P33: =N33-O33 -> 510 | Q33: 1920 | R33: =Q33*P33 -> 979200 | S33: 출고
A34: =ROW()-4 -> 30 | B34: 46149 | C34: 포스코_KM_안산 | D34: 원방 | E34: 집게차 | F34: 87주8410 | G34: 배민국 | H34: 010-9110-0126 | I34: 대신에스티에스 | J34: STS304 | K34: 14050 | L34: 15840 | M34: =L34-K34 -> 1790 | N34: 1790 | P34: =N34-O34 -> 1790 | Q34: 1920 | R34: =Q34*P34 -> 3436800 | S34: =S33 -> 출고
A35: =ROW()-4 -> 31 | B35: 46149 | C35: 듀폰3공장 | D35: 원방 | E35: 집게차 | F35: 87주8410 | G35: 배민국 | H35: 010-9110-0126 | I35: 대신에스티에스 | J35: STS304 | K35: 16350 | L35: 19690 | M35: =L35-K35 -> 3340 | N35: 3270 | O35: 6 | P35: =N35-O35 -> 3264 | Q35: 1920 | R35: =Q35*P35 -> 6266880 | S35: =S34 -> 출고
A36: =ROW()-4 -> 32 | B36: 46149 | C36: 삼성물산 | D36: 원방 | E36: 집게차 | F36: 87주8410 | G36: 배민국 | H36: 010-9110-0126 | I36: 대신에스티에스 | J36: STS304CU | K36: 19680 | L36: 20930 | M36: =L36-K36 -> 1250 | N36: 1230 | O36: 9 | P36: =N36-O36 -> 1221 | Q36: 1650 | R36: =Q36*P36 -> 2014650 | S36: =S35 -> 출고
A37: =ROW()-4 -> 33 | B37: 46149 | C37: 포스코_KM_안산 | D37: 원방 | E37: 집게차 | F37: 96거5789 | G37: 배민국 | H37: 010-9110-0126 | I37: 대신에스티에스 | J37: STS304 | K37: 13450 | L37: 20340 | M37: =L37-K37 -> 6890 | N37: =6840-N38 -> 2430 | P37: =N37 -> 2430 | Q37: 1920 | R37: =Q37*P37 -> 4665600 | S37: 출고
A38: =ROW()-4 -> 34 | B38: 46149 | C38: 포스코_KM_안산 | D38: 원방 | E38: 집게차 | F38: 96거5789 | G38: 배민국 | H38: 010-9110-0126 | I38: 대신에스티에스 | J38: STS304장척 | N38: =1100+720+950+810+410+420 -> 4410 | P38: =N38 -> 4410 | Q38: 1850 | R38: =Q38*P38 -> 8158500 | S38: 출고
A39: =ROW()-4 -> 35 | B39: 46150 | C39: 포스코_KM_안산 | D39: 원방 | E39: 집게차 | F39: 87주8410 | G39: 배민국 | H39: 010-9110-0126 | I39: 선진알앤디 | J39: 고철(경A) | K39: 15150 | L39: 18380 | M39: 3230 | N39: 3460 | P39: 3460 | Q39: 420 | R39: =Q39*P39 -> 1453200 | S39: 출고
A40: =ROW()-4 -> 36 | B40: 46150 | C40: 대도_서울 상계동 | D40: 원방 | E40: 집게차 | F40: 87주8410 | G40: 배민국 | H40: 010-9110-0126 | I40: 선진알앤디 | J40: 고철(경A) | K40: 14060 | L40: 15150 | M40: 1090 | N40: 1090 | P40: 1090 | Q40: 420 | R40: =Q40*P40 -> 457800 | S40: =S39 -> 출고
A41: =ROW()-4 -> 37 | B41: 46151 | C41: 포스코_KM_안산 | D41: 원방 | E41: 집게차 | F41: 87주8410 | G41: 배민국 | H41: 010-9110-0126 | I41: 선진알앤디 | J41: 고철(경A) | K41: 14160 | L41: 16830 | M41: =L41-K41 -> 2670 | N41: 3000 | P41: =N41 -> 3000 | Q41: 420 | R41: =Q41*P41 -> 1260000 | S41: 출고
A42: =ROW()-4 -> 38 | B42: 46151 | C42: 포스코_KM_안산 | D42: 원방 | E42: 집게차 | F42: 87주8410 | G42: 배민국 | H42: 010-9110-0126 | I42: 선진알앤디 | J42: 고철(경A) | K42: 14090 | L42: 17700 | M42: =L42-K42 -> 3610 | N42: 3600 | P42: =N42 -> 3600 | Q42: 420 | R42: =Q42*P42 -> 1512000 | S42: =S41 -> 출고
A43: =ROW()-4 -> 39 | B43: 46151 | C43: 현대제철_대도_당진 | D43: 원방 | E43: 집게차 | F43: 96거5789 | G43: 배민국 | H43: 010-9110-0126 | I43: 선진알앤디 | J43: 고철(경B) | K43: 14050 | L43: 15750 | M43: =L43-K43 -> 1700 | N43: 1720 | P43: =N43 -> 1720 | Q43: 410 | R43: =Q43*P43 -> 705200 | S43: =S42 -> 출고
A44: =ROW()-4 -> 40 | B44: 46153 | C44: 포스코_KM_안산 | D44: 원방 | E44: 최명동 집게차 | F44: 82모8185 | G44: 최명동 | I44: 다옴금속 | J44: 알루미늄 B | K44: 12930 | L44: 16020 | M44: =L44-K44-M45-M46-M47 -> 2030 | N44: 2030 | O44: 10 | P44: 2020 | Q44: 3900 | R44: =Q44*P44 -> 7878000 | S44: 출고
A45: =ROW()-4 -> 41 | B45: 46153 | C45: 서울 잠실동 | D45: 원방 | E45: 최명동 집게차 | F45: 82모8185 | G45: 최명동 | I45: 다옴금속 | J45: 알루미늄 B | M45: =120+780 -> 900 | N45: 900 | P45: 900 | Q45: 3900 | R45: =Q45*P45 -> 3510000 | S45: =S44 -> 출고
A46: =ROW()-4 -> 42 | B46: 46153 | C46: 대도_서울 상계동 | D46: 원방 | E46: 최명동 집게차 | F46: 82모8185 | G46: 최명동 | I46: 다옴금속 | J46: 알루미늄 B | M46: 100 | N46: 100 | P46: 100 | Q46: 3900 | R46: =Q46*P46 -> 390000 | S46: =S45 -> 출고
A47: =ROW()-4 -> 43 | B47: 46153 | C47: 현대제철_대도_당진 | D47: 원방 | E47: 최명동 집게차 | F47: 82모8185 | G47: 최명동 | I47: 다옴금속 | J47: 알루미늄 B | M47: 60 | N47: 60 | P47: 60 | Q47: 3900 | R47: =Q47*P47 -> 234000 | S47: =S46 -> 출고
A48: =ROW()-4 -> 44 | B48: 46154 | C48: 포스코_KM_안산 | D48: 원방 | E48: 방통차 | F48: 충남94바3450 | G48: 구형서 | H48: 010-4889-4456 | I48: 다문산업 | J48: A동 | K48: 18360 | L48: 42030 | M48: =21620-2200 -> 19420 | N48: 19430 | P48: =M48 -> 19420 | Q48: 19600 | R48: =Q48*P48 -> 380632000 | S48: 출고
A49: =ROW()-4 -> 45 | B49: 46154 | C49: 대도_서울 상계동 | D49: 원방 | E49: 방통차 | F49: 충남94바3450 | G49: 구형서 | H49: 010-4889-4456 | I49: 다문산업 | J49: A동 | M49: 800 | N49: 800 | P49: 800 | Q49: 19600 | R49: =Q49*P49 -> 15680000 | S49: =S48 -> 출고
A50: =ROW()-4 -> 46 | B50: 46154 | C50: 현대_크로스_군산 | D50: 원방 | E50: 방통차 | F50: 충남94바3450 | G50: 구형서 | H50: 010-4889-4456 | I50: 다문산업 | J50: A동 | M50: =1250+2200 -> 3450 | N50: 3450 | P50: =M50 -> 3450 | Q50: 19600 | R50: =Q50*P50 -> 67620000 | S50: =S49 -> 출고
A51: =ROW()-4 -> 47 | B51: 46154 | C51: 포스코_KM_안산 | D51: 원방 | E51: 방통차 | F51: 충남94바3450 | G51: 구형서 | H51: 010-4889-4456 | I51: 다문산업 | J51: A동 | K51: 42030 | L51: 42970 | M51: 940 | N51: 940 | P51: 940 | Q51: 19600 | R51: =Q51*P51 -> 18424000 | S51: =S50 -> 출고
A52: =ROW()-4 -> 48 | B52: 46154 | C52: 포스코_KM_안산 | D52: 원방 | E52: 방통차 | F52: 전남80바2667 | G52: 김기용 | H52: 010-2811-2300 | I52: 다문산업 | J52: 캔디 | K52: 18780 | L52: 24690 | M52: 5910 | N52: 4930 | O52: 18 | P52: =N52-O52 -> 4912 | Q52: 19200 | R52: =Q52*P52 -> 94310400 | S52: 출고
A53: =ROW()-4 -> 49 | B53: 46154 | C53: 현대_크로스_군산 | D53: 원방 | E53: 방통차 | F53: 전남80바2667 | G53: 김기용 | H53: 010-2811-2300 | I53: 다문산업 | J53: 상동 | K53: 24690 | L53: 39200 | M53: 12080 | N53: =15500-N54-N55 -> 13070 | O53: 21 | P53: =N53-O53 -> 13049 | Q53: 18800 | R53: =Q53*P53 -> 245321200 | S53: =S52 -> 출고
A54: =ROW()-4 -> 50 | B54: 46154 | C54: 포스코_KM_안산 | D54: 원방 | F54: 전남80바2667 | G54: 김기용 | H54: 010-2811-2300 | I54: 다문산업 | J54: 상동 | M54: 2150 | N54: 2150 | P54: 2150 | Q54: 18800 | R54: =Q54*P54 -> 40420000 | S54: =S53 -> 출고
A55: =ROW()-4 -> 51 | B55: 46154 | C55: 대도_서울 상계동 | D55: 원방 | E55: 방통차 | F55: 전남80바2667 | G55: 김기용 | H55: 010-2811-2300 | I55: 다문산업 | J55: 상동 | M55: 280 | N55: 280 | P55: 280 | Q55: 18800 | R55: =Q55*P55 -> 5264000 | S55: =S54 -> 출고
A56: =ROW()-4 -> 52 | B56: 46154 | C56: 포스코_KM_안산 | D56: 원방 | E56: 방통차 | F56: 전남86바1578 | G56: 김영윤 | H56: 010-3999-1056 | I56: 다문산업 | J56: 폐전선 | K56: 18160 | L56: 42940 | M56: 24780 | N56: 24960 | P56: 24780 | Q56: =18000*0.47-500 -> 7960 | R56: =Q56*P56 -> 197248800 | S56: 출고
A57: =ROW()-4 -> 53 | B57: 46154 | C57: 현대_크로스_군산 | D57: 원방 | E57: 집게차 | F57: 89러0134 | G57: 다문산업 | I57: 다문산업 | J57: 잡선(47%) | K57: 12900 | L57: 16640 | M57: 1500 | N57: 1500 | P57: 1500 | Q57: =18000*0.47-500 -> 7960 | R57: =Q57*P57 -> 11940000 | S57: 출고
A58: =ROW()-4 -> 54 | B58: 46154 | C58: 포스코_KM_안산 | D58: 원방 | E58: 집게차 | F58: 89러0134 | G58: 다문산업 | I58: 다문산업 | J58: 잡선(47%) | M58: 1230 | N58: 1250 | P58: 1230 | Q58: =18000*0.47-500 -> 7960 | R58: =Q58*P58 -> 9790800 | S58: =S57 -> 출고
A59: =ROW()-4 -> 55 | B59: 46154 | C59: 현대제철_대도_당진 | D59: 원방 | E59: 집게차 | F59: 89러0134 | G59: 다문산업 | I59: 다문산업 | J59: 잡선(47%) | M59: 1010 | N59: 1010 | P59: 1010 | Q59: =18000*0.47-500 -> 7960 | R59: =Q59*P59 -> 8039600 | S59: =S58 -> 출고
A60: =ROW()-4 -> 56 | B60: 46154 | C60: 현대_크로스_군산 | D60: 원방 | E60: 집게차 | F60: 89러0134 | G60: 다문산업 | I60: 다문산업 | J60: 잡선(47%) | K60: 16640 | L60: 22260 | M60: 5620 | N60: 5620 | P60: 5620 | Q60: =18000*0.47-500 -> 7960 | R60: =Q60*P60 -> 44735200 | S60: =S59 -> 출고
A61: =ROW()-4 -> 57 | B61: 46154 | C61: 현대제철_대도_당진 | D61: 원방 | E61: 집게차 | F61: 89러0134 | G61: 다문산업 | I61: 다문산업 | J61: 단선_2mm선(65%) | K61: 22260 | L61: 23590 | M61: 660 | N61: 660 | O61: 6 | P61: 654 | Q61: =19600*0.65-400 -> 12340 | R61: =Q61*P61 -> 8070360 | S61: =S60 -> 출고
A62: =ROW()-4 -> 58 | B62: 46154 | C62: 포스코_KM_안산 | D62: 원방 | E62: 집게차 | F62: 89러0134 | G62: 다문산업 | I62: 다문산업 | J62: 단선_2mm선(65%) | M62: 670 | N62: 670 | O62: 21 | P62: 649 | Q62: =19600*0.65-400 -> 12340 | R62: =Q62*P62 -> 8008660 | S62: =S61 -> 출고
A63: =ROW()-4 -> 59 | B63: 46155 | C63: 포스코_KM_안산 | D63: 정민산업 | E63: 카고 | F63: 경기80바7139 | I63: 정민산업 | J63: 탱크 | K63: 7930 | L63: 14670 | M63: -6740 | P63: -6740 | R63: -1250000 | S63: 반납
A64: =ROW()-4 -> 60 | B64: 46155 | C64: 삼성물산 | D64: 원방 | E64: 1톤트럭 | F64: 81구6225 | G64: 김태정 | H64: 010-3311-8084 | I64: 대신에스티에스 | J64: 모넬400 | K64: 2140 | L64: 2730 | M64: 590 | N64: 563.5 | O64: 3 | P64: =N64-O64 -> 560.5 | Q64: 13000 | R64: =P64*Q64 -> 7286500 | S64: 출고
A65: =ROW()-4 -> 61 | B65: 46155 | C65: 듀폰3공장 | D65: 원방 | E65: 1톤트럭 | F65: 81구6225 | G65: 김태정 | H65: 010-3311-8084 | I65: 대신에스티에스 | J65: C-22(하스텔로이) | K65: 2730 | L65: 3050 | M65: 320 | N65: 125.5 | P65: =N65-O65 -> 125.5 | Q65: 18000 | R65: =P65*Q65 -> 2259000 | S65: 출고
A66: =ROW()-4 -> 62 | B66: 46155 | C66: 듀폰3공장 | D66: 원방 | E66: 1톤트럭 | F66: 81구6225 | G66: 김태정 | H66: 010-3311-8084 | I66: 대신에스티에스 | J66: STS304 | N66: 185.5 | P66: =N66-O66 -> 185.5 | Q66: 1900 | R66: =P66*Q66 -> 352450 | S66: 출고
A67: =ROW()-4 -> 63 | B67: 46155 | C67: 포스코_KM_안산 | D67: 원방 | E67: 1톤트럭 | F67: 81구6225 | G67: 김태정 | H67: 010-3311-8084 | I67: 대신에스티에스 | J67: MO(몰디브덴) | K67: 3050 | L67: 3170 | M67: 120 | N67: 114 | O67: 3 | P67: =N67-O67 -> 111 | Q67: 50000 | R67: =P67*Q67 -> 5550000 | S67: 출고
A68: =ROW()-4 -> 64 | B68: 46155 | C68: 포스코_KM_안산 | D68: 현장 | E68: 방통차 | F68: 경기90자2889 | I68: 세화철강 | J68: 고철(중량) | K68: 18700 | L68: 42920 | M68: 24220 | N68: 24130 | P68: =M68 -> 24220 | Q68: 480 | R68: =Q68*P68 -> 11625600 | S68: 출고
A69: =ROW()-4 -> 65 | B69: 46155 | C69: 포스코_KM_안산 | D69: 현장 | E69: 방통차 | F69: 경기80바7145 | I69: 세화철강 | J69: 고철(중량) | K69: 18520 | L69: 43200 | M69: 24680 | N69: 24570 | P69: =M69 -> 24680 | Q69: 480 | R69: =Q69*P69 -> 11846400 | S69: 출고
A70: =ROW()-4 -> 66 | B70: 46155 | C70: 포스코_KM_안산 | D70: 현장 | E70: 방통차 | F70: 충북91아2060 | I70: 세화철강 | J70: 고철(중량) | K70: 18140 | L70: 43960 | M70: 25820 | N70: 25720 | P70: =M70 -> 25820 | Q70: 480 | R70: =Q70*P70 -> 12393600 | S70: 출고
A71: =ROW()-4 -> 67 | B71: 46155 | C71: 포스코_KM_안산 | D71: 현장 | E71: 방통차 | F71: 서울82바4890 | I71: 세화철강 | J71: 고철(중량) | K71: 18460 | L71: 43520 | M71: 25060 | N71: 24960 | P71: =M71 -> 25060 | Q71: 480 | R71: =Q71*P71 -> 12028800 | S71: 출고
A72: =ROW()-4 -> 68 | B72: 46155 | C72: 포스코_KM_안산 | D72: 현장 | E72: 방통차 | F72: 서울88아4910 | I72: 세화철강 | J72: 고철(중량) | K72: 17940 | L72: 43200 | M72: 25260 | N72: 25150 | P72: =M72 -> 25260 | Q72: 480 | R72: =Q72*P72 -> 12124800 | S72: 출고
A73: =ROW()-4 -> 69 | B73: 46155 | C73: 포스코_KM_안산 | D73: 현장 | E73: 방통차 | F73: 인천80자1904 | G73: 배조성 | H73: 010-4737-6803 | I73: 세화철강 | J73: 고철(중량) | K73: 18540 | L73: 42920 | M73: 24380 | N73: 24370 | P73: =M73 -> 24380 | Q73: 480 | R73: =Q73*P73 -> 11702400 | S73: 출고
A74: =ROW()-4 -> 70 | B74: 46155 | C74: 포스코_KM_안산 | D74: 현장 | E74: 방통차 | F74: 인천80사7274 | I74: 세화철강 | J74: 고철(중량) | K74: 18300 | L74: 42760 | M74: 24460 | N74: 24400 | P74: =M74 -> 24460 | Q74: 480 | R74: =Q74*P74 -> 11740800 | S74: 출고
A75: =ROW()-4 -> 71 | B75: 46155 | C75: 포스코_KM_안산 | D75: 현장 | E75: 방통차 | F75: 경기90자2889 | I75: 세화철강 | J75: 고철(중량) | K75: 18580 | L75: 42660 | M75: 24080 | N75: 23900 | P75: =M75 -> 24080 | Q75: 480 | R75: =Q75*P75 -> 11558400 | S75: 출고
A76: =ROW()-4 -> 72 | B76: 46155 | C76: 포스코_KM_안산 | D76: 현장 | E76: 방통차 | F76: 경기80바7145 | I76: 세화철강 | J76: 고철(중량) | K76: 18360 | L76: 43320 | M76: 24960 | N76: 24940 | P76: =M76 -> 24960 | Q76: 480 | R76: =Q76*P76 -> 11980800 | S76: 출고
A77: =ROW()-4 -> 73 | B77: 46155 | C77: 포스코_KM_안산 | D77: 현장 | E77: 방통차 | F77: 서울87아8165 | I77: 세화철강 | J77: 고철(중량) | K77: 18500 | L77: 42880 | M77: 24380 | N77: 24240 | P77: =M77 -> 24380 | Q77: 480 | R77: =Q77*P77 -> 11702400 | S77: 출고
A78: =ROW()-4 -> 74 | B78: 46156 | C78: 포스코_KM_안산 | D78: 원방 | E78: 집게차 | F78: 89러0134 | G78: 다문산업 | I78: 다문산업 | J78: 트렌스 작업철 | K78: 12920 | L78: 22270 | M78: 5610 | N78: 5610 | O78: 21 | P78: 5589 | Q78: 3700 | R78: =Q78*P78 -> 20679300 | S78: 출고
A79: =ROW()-4 -> 75 | B79: 46156 | C79: 현대_크로스_군산 | D79: 원방 | E79: 집게차 | F79: 89러0134 | G79: 다문산업 | I79: 다문산업 | J79: 트렌스 작업철 | M79: 3740 | N79: 3740 | O79: 12 | P79: 3728 | Q79: 3700 | R79: =Q79*P79 -> 13793600 | S79: 출고
A80: =ROW()-4 -> 76 | B80: 46156 | C80: 포스코_KM_안산 | D80: 원방 | E80: 집게차 | F80: 89러0134 | G80: 다문산업 | I80: 다문산업 | J80: 중선 | K80: 22260 | L80: 25170 | M80: 2910 | N80: 2910 | O80: 39 | P80: 2871 | Q80: 10600 | R80: =Q80*P80 -> 30432600 | S80: 출고
A81: =ROW()-4 -> 77 | B81: 46156 | C81: 포스코_KM_안산 | D81: 원방 | E81: 집게차 | F81: 89러0134 | G81: 다문산업 | I81: 다문산업 | J81: 중동 | K81: 25170 | L81: 26770 | M81: 1600 | N81: 1620 | P81: 1600 | Q81: 18200 | R81: =Q81*P81 -> 29120000 | S81: 출고
A82: =ROW()-4 -> 78 | B82: 46156 | C82: 포스코_KM_안산 | D82: 현장 | E82: 방통차 | F82: 서울87아8165 | I82: 세화철강 | J82: 고철(중량) | K82: 18500 | L82: 42800 | M82: =L82-K82 -> 24300 | N82: 24260 | P82: =M82 -> 24300 | Q82: 480 | R82: =Q82*P82 -> 11664000 | S82: 출고
A83: =ROW()-4 -> 79 | B83: 46156 | C83: 포스코_KM_안산 | D83: 현장 | E83: 방통차 | F83: 서울82바4890 | I83: 세화철강 | J83: 고철(중량) | K83: 18500 | L83: 43060 | M83: =L83-K83 -> 24560 | N83: 24540 | P83: =M83 -> 24560 | Q83: 480 | R83: =Q83*P83 -> 11788800 | S83: 출고
A84: =ROW()-4 -> 80 | B84: 46156 | C84: 포스코_KM_안산 | D84: 현장 | E84: 방통차 | F84: 경기80바7145 | I84: 세화철강 | J84: 고철(중량) | K84: 18380 | L84: 42500 | M84: =L84-K84 -> 24120 | N84: 23950 | P84: =M84 -> 24120 | Q84: 480 | R84: =Q84*P84 -> 11577600 | S84: 출고
A85: =ROW()-4 -> 81 | B85: 46156 | C85: 포스코_KM_안산 | D85: 현장 | E85: 방통차 | F85: 서울88아4910 | I85: 세화철강 | J85: 고철(중량) | K85: 17920 | L85: 42660 | M85: =L85-K85 -> 24740 | N85: 24630 | P85: =M85 -> 24740 | Q85: 480 | R85: =Q85*P85 -> 11875200 | S85: 출고
A86: =ROW()-4 -> 82 | B86: 46156 | C86: 포스코_KM_안산 | D86: 현장 | E86: 방통차 | F86: 인천80자1932 | G86: 이종화 | H86: 010-5396-9846 | I86: 세화철강 | J86: 고철(중량) | K86: 18400 | L86: 43580 | M86: =L86-K86 -> 25180 | N86: 25110 | P86: =M86 -> 25180 | Q86: 480 | R86: =Q86*P86 -> 12086400 | S86: 출고
A87: =ROW()-4 -> 83 | B87: 46156 | C87: 포스코_KM_안산 | D87: 현장 | E87: 방통차 | F87: 인천80사7274 | I87: 세화철강 | J87: 고철(중량) | K87: 18420 | L87: 42360 | M87: =L87-K87 -> 23940 | N87: 23900 | P87: =M87 -> 23940 | Q87: 480 | R87: =Q87*P87 -> 11491200 | S87: 출고
A88: =ROW()-4 -> 84 | B88: 46156 | C88: 포스코_KM_안산 | D88: 현장 | E88: 방통차 | F88: 경기80바6092 | I88: 세화철강 | J88: 고철(중량) | K88: 18800 | L88: 42060 | M88: =L88-K88 -> 23260 | N88: 23220 | P88: =M88 -> 23260 | Q88: 480 | R88: =Q88*P88 -> 11164800 | S88: 출고
A89: =ROW()-4 -> 85 | B89: 46156 | C89: 포스코_KM_안산 | D89: 현장 | E89: 방통차 | F89: 서울87아8165 | I89: 세화철강 | J89: 고철(중량) | K89: 18460 | L89: 42120 | M89: =L89-K89 -> 23660 | N89: 23650 | P89: =M89 -> 23660 | Q89: 480 | R89: =Q89*P89 -> 11356800 | S89: 출고
A90: =ROW()-4 -> 86 | B90: 46156 | C90: 포스코_KM_안산 | D90: 현장 | E90: 방통차 | F90: 서울82바4890 | I90: 세화철강 | J90: 고철(중량) | K90: 18700 | L90: 43040 | M90: =L90-K90 -> 24340 | N90: 24290 | P90: =M90 -> 24340 | Q90: 480 | R90: =Q90*P90 -> 11683200 | S90: 출고
A91: =ROW()-4 -> 87 | B91: 46156 | C91: 포스코_KM_안산 | D91: 현장 | E91: 방통차 | F91: 경기80바7145 | I91: 세화철강 | J91: 고철(중량) | K91: 18500 | L91: 42840 | M91: =L91-K91 -> 24340 | N91: 24270 | P91: =M91 -> 24340 | Q91: 480 | R91: =Q91*P91 -> 11683200 | S91: 출고
A92: =ROW()-4 -> 88 | B92: 46157 | C92: 포스코_KM_안산 | D92: 현장 | E92: 방통차 | F92: 인천80자1904 | G92: 배조성 | H92: 010-4737-6803 | I92: 세화철강 | J92: 고철(중량) | K92: 18560 | L92: 43580 | M92: =L92-K92 -> 25020 | P92: =M92 -> 25020 | Q92: 480 | R92: =Q92*P92 -> 12009600 | S92: 출고
A93: =ROW()-4 -> 89 | B93: 46157 | C93: 포스코_KM_안산 | D93: 현장 | E93: 방통차 | F93: 인천85아5409 | G93: 김문중 | H93: 010-6667-8255 | I93: 세화철강 | J93: 고철(중량) | K93: 18240 | L93: 42480 | M93: =L93-K93 -> 24240 | P93: =M93 -> 24240 | Q93: 480 | R93: =Q93*P93 -> 11635200 | S93: 출고
A94: =ROW()-4 -> 90 | B94: 46157 | C94: 포스코_KM_안산 | D94: 현장 | E94: 방통차 | F94: 인천80자1932 | G94: 이종화 | H94: 010-5396-9846 | I94: 세화철강 | J94: 고철(중량) | K94: 18400 | L94: 43240 | M94: =L94-K94 -> 24840 | P94: =M94 -> 24840 | Q94: 480 | R94: =Q94*P94 -> 11923200 | S94: 출고
A95: =ROW()-4 -> 91 | B95: 46157 | C95: 포스코_KM_안산 | D95: 현장 | E95: 방통차 | F95: 서울87아7712 | G95: 김기범 | H95: 010-7700-7041 | I95: 세화철강 | J95: 고철(중량) | K95: 18740 | L95: 43220 | M95: =L95-K95 -> 24480 | P95: =M95 -> 24480 | Q95: 480 | R95: =Q95*P95 -> 11750400 | S95: 출고
A96: =ROW()-4 -> 92 | B96: 46157 | C96: 포스코_KM_안산 | D96: 현장 | E96: 방통차 | F96: 대구84아9559 | G96: 임상현 | H96: 010-4714-8294 | I96: 세화철강 | J96: 고철(중량) | K96: 18760 | L96: 42460 | M96: =L96-K96 -> 23700 | P96: =M96 -> 23700 | Q96: 480 | R96: =Q96*P96 -> 11376000 | S96: 출고
A97: =ROW()-4 -> 93 | B97: 46157 | C97: 포스코_KM_안산 | D97: 현장 | E97: 방통차 | F97: 인천85바3859 | G97: 김태동 | H97: 010-7504-1068 | I97: 세화철강 | J97: 고철(중량) | K97: 18420 | L97: 43020 | M97: =L97-K97 -> 24600 | P97: =M97 -> 24600 | Q97: 480 | R97: =Q97*P97 -> 11808000 | S97: 출고
A98: =ROW()-4 -> 94 | B98: 46158 | C98: 동우PL1린텍_크로스_평택 | D98: 현장 | E98: 집게차 | F98: 87주8410 | G98: 배민국 | H98: 010-9110-0126 | I98: 세화철강 | J98: 고철(경A) | K98: 13930 | L98: 17800 | M98: =L98-K98 -> 3870 | N98: 3850 | P98: =M98 -> 3870 | Q98: 445 | R98: =Q98*P98 -> 1722150 | S98: 출고
A99: =ROW()-4 -> 95 | B99: 46158 | C99: 포스코_KM_안산 | D99: 현장 | E99: 방통차 | F99: 서울88아3514 | G99: 박인규 | H99: 010-5332-9890 | I99: 세화철강 | J99: 고철(중량장척) | K99: 18520 | L99: 33300 | M99: =L99-K99 -> 14780 | N99: 14630 | P99: =M99 -> 14780 | Q99: 460 | R99: =Q99*P99 -> 6798800 | S99: 출고
A100: =ROW()-4 -> 96 | B100: 46158 | C100: 포스코_KM_안산 | D100: 현장 | E100: 방통차 | F100: 인천95바4643 | G100: 홍정희 | H100: 010-6224-9825 | I100: 세화철강 | J100: 고철(중량) | K100: 19060 | L100: 42140 | M100: =L100-K100 -> 23080 | N100: 23020 | P100: =M100 -> 23080 | Q100: 480 | R100: =Q100*P100 -> 11078400 | S100: 출고
...

Sheet 대신에스티에스
A2: 계량일 | B2: 프로젝트명 | C2: 상차지 | D2: 차종 | E2: 차량번호 | F2: 운전자 | G2: 연락처 | H2: 거래처명 | I2: 제품명 | J2: 공차중량(kg) | K2: 총중량(kg) | L2: 실중량(kg) | M2: 거래처 감량 전 실중량(kg) | N2: 감량(kg) | O2: 정산 중량(kg) | P2: 단가(원) | Q2: 금액(원) | R2: 구분 | S2: 비고 | T2: 입금일
A3: 45926 | B3: 혼합 | E3: 81오1758 | H3: 대신에스티에스 | I3: STS304 | J3: 19200 | K3: 24190 | L3: =K3-J3 -> 4990 | M3: 4770 | O3: 4770 | P3: 1710 | Q3: =P3*O3 -> 8156700 | R3: 출고 | T3: 9/29 입금
A4: =A3 -> 45926 | E4: =E3 -> 81오1758 | H4: 대신에스티에스 | I4: 저니켈강 | M4: 220 | O4: 220 | P4: 300 | Q4: =P4*O4 -> 66000
A5: 46147 | B5: 포스코_KM_안산 | C5: 원방 | D5: 집게차 | E5: 87주8410 | F5: 배민국 | G5: 010-9110-0126 | H5: 대신에스티에스 | I5: STS316 | J5: 14070 | K5: 21810 | L5: =(K5-J5)*0.7 -> 5418 | M5: =7710*0.7 -> 5397 | N5: 9 | O5: =M5-N5 -> 5388 | P5: 3800 | Q5: =P5*O5 -> 20474400 | R5: 출고 | S5: 마대 3개 9kg 감량 | T5: 5/7 입금
A6: 46147 | B6: 듀폰3공장 | C6: 원방 | D6: 집게차 | E6: 87주8410 | F6: 배민국 | G6: 010-9110-0126 | H6: 대신에스티에스 | I6: STS316 | L6: =(K5-J5)*0.3 -> 2322 | M6: =(7710*0.3)-M7 -> 1213 | O6: =M6 -> 1213 | P6: 3800 | Q6: =P6*O6 -> 4609400 | S6: 듀폰3공장(2025년 반출물), 기타현장으로 정리(4/28 SR5 분류계근 1,810kg포함)
A7: 46147 | B7: 듀폰3공장 | C7: 원방 | D7: 집게차 | E7: 87주8410 | F7: 배민국 | G7: 010-9110-0126 | H7: 대신에스티에스 | I7: STS316장척 | M7: 1100 | O7: =M7 -> 1100 | P7: 3750 | Q7: =P7*O7 -> 4125000 | S7: 검수 316장척
A8: 46149 | B8: 대도_서울 상계동 | C8: 원방 | D8: 집게차 | E8: 87주8410 | F8: 배민국 | G8: 010-9110-0126 | H8: 대신에스티에스 | I8: STS304 | L8: 510 | M8: 510 | O8: =M8-N8 -> 510 | P8: 1920 | Q8: =P8*O8 -> 979200 | R8: 출고 | S8: 4/22 분류계근량 입력 | T8: 5/14 입금
A9: 46149 | B9: 포스코_KM_안산 | C9: 원방 | D9: 집게차 | E9: 87주8410 | F9: 배민국 | G9: 010-9110-0126 | H9: 대신에스티에스 | I9: STS304 | J9: 14050 | K9: 15840 | L9: =K9-J9 -> 1790 | M9: 1790 | O9: =M9-N9 -> 1790 | P9: 1920 | Q9: =P9*O9 -> 3436800 | S9: 총중량에서 상계동 510kg 차감
A10: 46149 | B10: 듀폰3공장 | C10: 원방 | D10: 집게차 | E10: 87주8410 | F10: 배민국 | G10: 010-9110-0126 | H10: 대신에스티에스 | I10: STS304 | J10: 16350 | K10: 19690 | L10: =K10-J10 -> 3340 | M10: 3270 | N10: 6 | O10: =M10-N10 -> 3264 | P10: 1920 | Q10: =P10*O10 -> 6266880 | S10: 작년 재고, 마대 2개 감량
A11: 46149 | B11: 삼성물산 | C11: 원방 | D11: 집게차 | E11: 87주8410 | F11: 배민국 | G11: 010-9110-0126 | H11: 대신에스티에스 | I11: STS304CU | J11: 19680 | K11: 20930 | L11: =K11-J11 -> 1250 | M11: 1230 | N11: 9 | O11: =M11-N11 -> 1221 | P11: 1650 | Q11: =P11*O11 -> 2014650 | S11: 마대3개 감량
A12: 46149 | B12: 포스코_KM_안산 | C12: 원방 | D12: 집게차 | E12: 96거5789 | F12: 배민국 | G12: 010-9110-0126 | H12: 대신에스티에스 | I12: STS304 | J12: 13450 | K12: 20340 | L12: =K12-J12 -> 6890 | M12: =6840-M13 -> 2430 | O12: =M12 -> 2430 | P12: 1920 | Q12: =P12*O12 -> 4665600 | R12: 출고
A13: 46149 | B13: 포스코_KM_안산 | C13: 원방 | D13: 집게차 | E13: 96거5789 | F13: 배민국 | G13: 010-9110-0126 | H13: 대신에스티에스 | I13: STS304장척 | M13: =1100+720+950+810+410+420 -> 4410 | O13: =M13 -> 4410 | P13: 1850 | Q13: =P13*O13 -> 8158500 | R13: 출고 | S13: 5/8, 5/12 STS304장척 검수
A14: 46155 | B14: 삼성물산 | C14: 원방 | D14: 1톤트럭 | E14: 81구6225 | F14: 김태정 | G14: 010-3311-8084 | H14: 대신에스티에스 | I14: 모넬400 | J14: 2140 | K14: 2730 | L14: 590 | M14: 563.5 | N14: 3 | O14: =M14-N14 -> 560.5 | P14: 13000 | Q14: =O14*P14 -> 7286500 | R14: 출고 | S14: 마대 1개 감량 | T14: 5/19 입금
A15: 46155 | B15: 듀폰3공장 | C15: 원방 | D15: 1톤트럭 | E15: 81구6225 | F15: 김태정 | G15: 010-3311-8084 | H15: 대신에스티에스 | I15: C-22(하스텔로이) | J15: 2730 | K15: 3050 | L15: 320 | M15: 125.5 | O15: =M15-N15 -> 125.5 | P15: 18000 | Q15: =O15*P15 -> 2259000 | S15: 2025년 재고, 하스텔로이
A16: 46155 | B16: 듀폰3공장 | C16: 원방 | D16: 1톤트럭 | E16: 81구6225 | F16: 김태정 | G16: 010-3311-8084 | H16: 대신에스티에스 | I16: STS304 | M16: 185.5 | O16: =M16-N16 -> 185.5 | P16: 1900 | Q16: =O16*P16 -> 352450 | S16: 검수 STS304
A17: 46155 | B17: 포스코_KM_안산 | C17: 원방 | D17: 1톤트럭 | E17: 81구6225 | F17: 김태정 | G17: 010-3311-8084 | H17: 대신에스티에스 | I17: MO(몰디브덴) | J17: 3050 | K17: 3170 | L17: 120 | M17: 114 | N17: 3 | O17: =M17-N17 -> 111 | P17: 50000 | Q17: =O17*P17 -> 5550000 | S17: 마대 1개 감량, 몰디브덴
A18: 46160 | B18: 포스코_KM_안산 | C18: 현장 | D18: 집게차 | E18: 87주8410 | F18: 배민국 | G18: 010-9110-0126 | H18: 대신에스티에스 | I18: STS304 | J18: 14080 | K18: 19060 | L18: =K18-J18 -> 4980 | M18: =5000-M19 -> 4490 | N18: 3 | O18: =M18-N18 -> 4487 | P18: 1920 | Q18: =O18*P18 -> 8615040 | R18: 출고 | S18: 마대 1개 감량 | T18: 5/20 입금
A19: 46160 | B19: 포스코_KM_안산 | C19: 현장 | D19: 집게차 | E19: 87주8410 | F19: 배민국 | G19: 010-9110-0126 | H19: 대신에스티에스 | I19: 고철 | M19: 510 | O19: 510 | P19: 200 | Q19: =O19*P19 -> 102000 | S19: 검수 고철
A20: 46161 | B20: 포스코_KM_안산 | C20: 원방 | D20: 암롤트럭 | E20: 86노1445 | H20: 대신에스티에스 | I20: STS304 | J20: 20020 | K20: 25820 | L20: =K20-J20 -> 5800 | M20: =5780-150-240-580 -> 4810 | N20: 6 | O20: =M20-N20 -> 4804 | P20: 1920 | Q20: =O20*P20 -> 9223680 | R20: 출고 | S20: 마대 2개 감량
A21: 46161 | B21: 현대제철_대도_당진 | C21: 원방 | D21: 암롤트럭 | E21: 86노1445 | H21: 대신에스티에스 | I21: STS304 | M21: 240 | O21: 240 | P21: 1920 | Q21: =P21*O21 -> 460800 | S21: 4/29 당진 분류 STS304
A22: 46161 | B22: LT메탈 남동공장 | C22: 원방 | D22: 암롤트럭 | E22: 86노1445 | H22: 대신에스티에스 | I22: STS304 | M22: 580 | O22: 580 | P22: 1920 | Q22: =P22*O22 -> 1113600 | S22: 기타 현장
A23: 46161 | B23: 포스코_KM_안산 | C23: 원방 | D23: 암롤트럭 | E23: 86노1445 | H23: 대신에스티에스 | I23: 저니켈강 | M23: 150 | O23: 150 | P23: 250 | Q23: =O23*P23 -> 37500 | S23: 검수 저니켈강
A24: 46164 | B24: 포스코_KM_안산 | C24: 현장 | D24: 암롤트럭 | E24: 86노1445 | F24: 이민수 | G24: 010-8282-5885 | H24: 대신에스티에스 | I24: STS304(작업철) | J24: 20720 | K24: 33160 | L24: 12440 | M24: =12440-1260-740 -> 10440 | N24: 9 | O24: =M24-N24 -> 10431 | P24: 1500 | Q24: =P24*O24 -> 15646500 | R24: 출고 | S24: 대신에서 계근, 마대3개 감량, 열교환기 포함(단가 1,500원) | T24: 5/31자 발행 6/1 입금
A25: 46164 | B25: 포스코_KM_안산 | C25: 현장 | D25: 암롤트럭 | E25: 86노1445 | F25: 이민수 | G25: 010-8282-5885 | H25: 대신에스티에스 | I25: 고철 | M25: 1260 | O25: =M25 -> 1260 | P25: 200 | Q25: =P25*O25 -> 252000 | S25: 검수 고철
A26: 46164 | B26: 포스코_KM_안산 | C26: 현장 | D26: 암롤트럭 | E26: 86노1445 | F26: 이민수 | G26: 010-8282-5885 | H26: 대신에스티에스 | I26: 저니켈강 | M26: 740 | O26: =M26 -> 740 | P26: 250 | Q26: =P26*O26 -> 185000 | S26: 검수 저니켈강
A27: 46164 | B27: 포스코_KM_안산 | C27: 원방 | D27: 집게차 | E27: 87주8410 | F27: 배민국 | G27: 010-9110-0126 | H27: 대신에스티에스 | I27: STS310 | J27: 14090 | K27: 16810 | L27: 2720 | M27: =2690-2240 -> 450 | O27: =M27 -> 450 | P27: 4500 | Q27: =P27*O27 -> 2025000 | R27: 출고 | S27: 검수 304 차감 | T27: 5/29 입금
A28: 46164 | B28: 포스코_KM_안산 | C28: 원방 | D28: 집게차 | E28: 87주8410 | F28: 배민국 | G28: 010-9110-0126 | H28: 대신에스티에스 | I28: STS304 | M28: 2240 | O28: =M28 -> 2240 | P28: 1920 | Q28: =P28*O28 -> 4300800 | S28: 검수 STS304
A29: 46164 | B29: 포스코_KM_안산 | C29: 현장 | D29: 1톤트럭 | E29: 81구3225 | F29: 김태정 | G29: 010-3311-8084 | H29: 대신에스티에스 | I29: STS304롤 | J29: 2150 | K29: 3820 | L29: 1670 | M29: 1660 | O29: 1660 | P29: 1920 | Q29: =P29*O29 -> 3187200 | R29: 출고
A30: 46167 | B30: 동우PL1린텍_크로스_평택 | C30: 원방 | D30: 집게차 | E30: 84나4888 | F30: 김태정 | G30: 010-3311-8084 | H30: 대신에스티에스 | I30: STS304 | J30: 21010 | K30: 25100 | L30: =K30-J30 -> 4090 | M30: 4040 | O30: =M30 -> 4040 | P30: 1930 | Q30: =P30*O30 -> 7797200 | R30: 출고 | S30: 5/25부 10원 인상
A31: 46167 | B31: 동우PL1린텍_크로스_평택 | C31: 원방 | D31: 암롤트럭 | E31: 86노1445 | F31: 김태정 | G31: 010-3311-8084 | H31: 대신에스티에스 | I31: STS304 | J31: 20950 | K31: 25100 | L31: =K31-J31 -> 4150 | M31: =4090-140 -> 3950 | O31: =M31 -> 3950 | P31: 1930 | Q31: =P31*O31 -> 7623500 | R31: 출고 | S31: 검수 고철 차감
A32: 46167 | B32: 동우PL1린텍_크로스_평택 | C32: 원방 | D32: 암롤트럭 | E32: 86노1445 | F32: 김태정 | G32: 010-3311-8084 | H32: 대신에스티에스 | I32: 고철 | M32: 140 | O32: =M32 -> 140 | P32: 250 | Q32: =P32*O32 -> 35000 | S32: 검수 고철
A33: 46168 | B33: 포스코_KM_안산 | C33: 원방 | D33: 암롤트럭 | E33: 86노1445 | F33: 김태정 | G33: 010-3311-8084 | H33: 대신에스티에스 | I33: STS304 | J33: 20950 | K33: 26320 | L33: =K33-J33-1500 -> 3870 | M33: =3720-400 -> 3320 | O33: =M33 -> 3320 | P33: 1930 | Q33: =P33*O33 -> 6407600 | R33: 출고 | S33: 동우와 혼합 출고분, 검수고철 차감
A34: 46168 | B34: 포스코_KM_안산 | C34: 원방 | D34: 암롤트럭 | E34: 86노1445 | F34: 김태정 | G34: 010-3311-8084 | H34: 대신에스티에스 | I34: 고철 | M34: 400 | O34: =M34 -> 400 | P34: 250 | Q34: =P34*O34 -> 100000 | S34: 검수 고철
A35: 46168 | B35: 동우PL1린텍_크로스_평택 | C35: 원방 | D35: 암롤트럭 | E35: 86노1445 | F35: 김태정 | G35: 010-3311-8084 | H35: 대신에스티에스 | I35: STS304 | L35: 1500 | M35: 1500 | O35: =M35 -> 1500 | P35: 1930 | Q35: =P35*O35 -> 2895000
A36: 46174 | B36: 포스코_KM_안산 | C36: 원방 | D36: 집게차 | E36: 96거5789 | F36: 배민국 | G36: 010-9110-0126 | H36: 대신에스티에스 | I36: STS304 | J36: 13600 | K36: 14810 | L36: =(K36-J36)/2 -> 605 | M36: =1220/2 -> 610 | N36: 3 | O36: =M36-N36 -> 607 | P36: 2030 | Q36: =P36*O36 -> 1232210 | R36: 출고 | S36: 마대 1개 감량, 6/1부 100원 인상 | T36: 6/9 입금
A37: 46174 | B37: 동우PL1린텍_크로스_평택 | C37: 원방 | D37: 집게차 | E37: 96거5789 | F37: 배민국 | G37: 010-9110-0126 | H37: 대신에스티에스 | I37: STS304 | L37: =(K36-J36)/2 -> 605 | M37: =(1220/2)-210 -> 400 | N37: 3 | O37: =M37-N37 -> 397 | P37: 2030 | Q37: =P37*O37 -> 805910 | S37: 마대 1개 감량
A38: 46174 | B38: 동우PL1린텍_크로스_평택 | C38: 원방 | D38: 집게차 | E38: 96거5789 | F38: 배민국 | G38: 010-9110-0126 | H38: 대신에스티에스 | I38: 저니켈강 | M38: 210 | O38: 210 | P38: 250 | Q38: =P38*O38 -> 52500 | S38: 검수 저니켈강
A39: 46175 | B39: 포스코_KM_안산 | C39: 원방 | D39: 집게차 | E39: 87주8410 | F39: 배민국 | G39: 010-9110-0126 | H39: 대신에스티에스 | I39: STS400 | J39: 14400 | K39: 14700 | L39: =K39-J39 -> 300 | M39: 250 | O39: =M39-N39 -> 250 | P39: 700 | Q39: =P39*O39 -> 175000 | R39: 출고
A40: 46175 | B40: 포스코_KM_안산 | C40: 원방 | D40: 집게차 | E40: 87주8410 | F40: 배민국 | G40: 010-9110-0126 | H40: 대신에스티에스 | I40: STS316 | J40: 14700 | K40: 15390 | L40: =K40-J40 -> 690 | M40: 700 | N40: 3 | O40: =M40-N40 -> 697 | P40: 3900 | Q40: =P40*O40 -> 2718300 | S40: 마대 1개
A41: 46175 | B41: 포스코_KM_안산 | C41: 원방 | D41: 집게차 | E41: 87주8410 | F41: 배민국 | G41: 010-9110-0126 | H41: 대신에스티에스 | I41: STS310 | J41: 15390 | K41: 15700 | L41: =K41-J41 -> 310 | M41: 304 | N41: 3 | O41: =M41-N41 -> 301 | P41: 5100 | Q41: =P41*O41 -> 1535100 | S41: 마대 1개, 6/1 안산 분류계근
A42: 46175 | B42: 포스코_KM_안산 | C42: 원방 | D42: 집게차 | E42: 87주8410 | F42: 배민국 | G42: 010-9110-0126 | H42: 대신에스티에스 | I42: 인코넬 | J42: 15700 | K42: 16070 | L42: =K42-J42 -> 370 | M42: 406 | N42: 3 | O42: =M42-N42 -> 403 | P42: 5000 | Q42: =P42*O42 -> 2015000 | S42: 인코넬(NI35%), 마대 1개
A43: 46175 | B43: 포스코_KM_안산 | C43: 원방 | D43: 집게차 | E43: 87주8410 | F43: 배민국 | G43: 010-9110-0126 | H43: 대신에스티에스 | I43: MO(몰디브덴) | J43: 16070 | K43: 16130 | L43: =K43-J43-34 -> 26 | M43: 26 | O43: =M43-N43 -> 26 | P43: =50000*0.8 -> 40000 | Q43: =P43*O43 -> 1040000 | S43: 인코넬, 몰디브덴 혼합 반출, 몰디브덴 90%
A44: 46175 | B44: 포스코_KM_안산 | C44: 원방 | D44: 집게차 | E44: 87주8410 | F44: 배민국 | G44: 010-9110-0126 | H44: 대신에스티에스 | I44: 인코넬 | L44: 34 | O44: =M44-N44 -> 0 | Q44: =P44*O44 -> 0 | S44: 대신에 인코넬 한번에 하차
A45: 46177 | B45: 동우PL1린텍_크로스_평택 | C45: 현장 | D45: 집게차 | E45: 84나4888 | F45: 김현수 | G45: 010-5315-1508 | H45: 대신에스티에스 | I45: STS304장척 | J45: 21280 | K45: 23840 | L45: =K45-J45-180 -> 2380 | M45: =2540-180 -> 2360 | O45: =M45 -> 2360 | P45: 1930 | Q45: =P45*O45 -> 4554800 | R45: 출고 | S45: 탱크 반출, sus304 혼합량 차감
A46: 46177 | B46: 포스코_KM_안산 | C46: 원방 | D46: 카고 | E46: 84나4888 | F46: 김현수 | G46: 010-5315-1508 | H46: 대신에스티에스 | I46: STS304장척 | L46: 180 | M46: 180 | O46: =M46 -> 180 | P46: 1930 | Q46: =P46*O46 -> 347400 | S46: sus 탱크랑 혼합 반출
A47: 46177 | B47: 동우PL1린텍_크로스_평택 | C47: 원방 | D47: 카고 | E47: 충남80아3416 | F47: 오인섭 | G47: 010-2403-9428 | H47: 대신에스티에스 | I47: STS304장척 | J47: 8890 | K47: 11270 | L47: =K47-J47 -> 2380 | M47: 2370 | O47: =M47 -> 2370 | P47: 1930 | Q47: =P47*O47 -> 4574100 | R47: 출고 | S47: sus 탱크
A48: 46195 | B48: 삼성전자_이텍솔루션_안성 | C48: 원방 | D48: 집게차 | E48: 87주8410 | F48: 배민국 | G48: 010-9110-0126 | H48: 대신에스티에스 | I48: STS304 | J48: 14380 | K48: 20910 | L48: 4640 | M48: =6490-390-1500-320 -> 4280 | N48: 12 | O48: =M48-N48 -> 4268 | P48: 2050 | Q48: =P48*O48 -> 8749400 | R48: 출고 | S48: 마대 4개 12kg, 타현장 1,890kg 차감 | T48: 6/23 입금
A49: 46195 | B49: 삼성전자_이텍솔루션_안성 | C49: 원방 | D49: 집게차 | E49: 87주8410 | F49: 배민국 | G49: 010-9110-0126 | H49: 대신에스티에스 | I49: 저니켈강 | M49: 320 | O49: =M49 -> 320 | P49: 250 | Q49: =P49*O49 -> 80000
A50: 46195 | B50: 듀폰 천안공장 | C50: 원방 | D50: 집게차 | E50: 87주8410 | F50: 배민국 | G50: 010-9110-0126 | H50: 대신에스티에스 | I50: STS304 | L50: 390 | M50: 390 | O50: =M50 -> 390 | P50: 2050 | Q50: =P50*O50 -> 799500 | S50: 6/11 반출물 분류 건
A51: 46195 | B51: 동우PL1린텍_크로스_평택 | C51: 원방 | D51: 집게차 | E51: 87주8410 | F51: 배민국 | G51: 010-9110-0126 | H51: 대신에스티에스 | I51: STS304 | L51: 1000 | M51: 1000 | O51: =M51 -> 1000 | P51: 2050 | Q51: =P51*O51 -> 2050000
A52: 46195 | B52: 포스코_KM_안산 | C52: 원방 | D52: 집게차 | E52: 87주8410 | F52: 배민국 | G52: 010-9110-0126 | H52: 대신에스티에스 | I52: STS304 | L52: 500 | M52: 500 | O52: =M52 -> 500 | P52: 2050 | Q52: =P52*O52 -> 1025000
A53: 46202 | B53: 삼성전자_이텍솔루션_안성 | C53: 원방 | D53: 암롤트럭 | E53: 86노1445 | F53: 김현수 | G53: 010-5315-1508 | H53: 대신에스티에스 | I53: STS304 | J53: 20390 | K53: 27080 | L53: =K53-J53-2070-170 -> 4450 | M53: 4450 | N53: 9 | O53: =M53-N53 -> 4441 | P53: 2050 | Q53: =P53*O53 -> 9104050 | R53: 출고 | S53: 혼합 2,240kg 차감, 마대 3개 감량 | T53: 7/1 입금
A54: 46202 | B54: 삼성_대도_온양 | C54: 원방 | D54: 암롤트럭 | E54: 86노1445 | F54: 김현수 | G54: 010-5315-1508 | H54: 대신에스티에스 | I54: STS304 | L54: 2070 | M54: 2070 | O54: =M54 -> 2070 | P54: 2050 | Q54: =P54*O54 -> 4243500 | S54: 6/25 분류
A55: 46202 | B55: 듀폰 천안공장 | C55: 원방 | D55: 암롤트럭 | E55: 86노1445 | F55: 김현수 | G55: 010-5315-1508 | H55: 대신에스티에스 | I55: STS304 | L55: 170 | M55: 170 | O55: =M55 -> 170 | P55: 2050 | Q55: =P55*O55 -> 348500 | S55: 6/22 분류
S56: 6/25 삼성_대도_온양 분류 2,070kg
L57: =SUBTOTAL(9,L3:L56) -> 89860 | Q57: =SUBTOTAL(9,Q3:Q56) -> 193858770

Sheet 다옴금속
A2: 계량일 | B2: 프로젝트명 | C2: 상차지 | D2: 차종 | E2: 차량번호 | F2: 운전자 | G2: 연락처 | H2: 거래처명 | I2: 제품명 | J2: 공차중량(kg) | K2: 총중량(kg) | L2: 실중량(kg) | M2: 거래처 감량 전 실중량(kg) | N2: 감량(kg) | O2: 정산 중량(kg) | P2: 단가(원) | Q2: 금액(원) | R2: 구분 | S2: 비고 | T2: 입금일
A3: 45930 | B3: 혼합 | E3: 819도9774 | H3: 다옴금속 | I3: 프로파일 A | J3: 17770 | K3: 18910 | L3: =K3-J3 -> 1140 | O3: 1140 | P3: 3300 | Q3: =P3*O3 -> 3762000 | R3: 출고 | T3: 9/30 입금
H4: 다옴금속 | I4: 알판재 60 | J4: 18910 | K4: 19200 | L4: =K4-J4 -> 290 | O4: 290 | P4: 3100 | Q4: =P4*O4 -> 899000
A5: 46153 | B5: 포스코_KM_안산 | C5: 원방 | D5: 최명동 집게차 | E5: 82모8185 | F5: 최명동 | H5: 다옴금속 | I5: 알루미늄 B | J5: 12930 | K5: 16020 | L5: =K5-J5-L6-L7-L8 -> 2030 | M5: 2030 | N5: 10 | O5: =M5-N5 -> 2020 | P5: 3900 | Q5: =P5*O5 -> 7878000 | R5: 출고 | S5: 분류계근 4/25 710kg, 5/4 230kg외 마대 5개 10kg 감량 | T5: 5/11 입금
A6: 46153 | B6: 서울 잠실동 | C6: 원방 | D6: 최명동 집게차 | E6: 82모8185 | F6: 최명동 | H6: 다옴금속 | I6: 알루미늄 B | L6: =120+780 -> 900 | M6: 900 | O6: 900 | P6: 3900 | Q6: =P6*O6 -> 3510000 | S6: 분류계근 4/29 120kg, 4/29 780kg예상
A7: 46153 | B7: 서울 상계동 | C7: 원방 | D7: 최명동 집게차 | E7: 82모8185 | F7: 최명동 | H7: 다옴금속 | I7: 알루미늄 B | L7: 100 | M7: 100 | O7: 100 | P7: 3900 | Q7: =P7*O7 -> 390000 | S7: 분류계근 4/23 10kg, 5/8 90kg
A8: 46153 | B8: 현대제철_대도_당진 | C8: 원방 | D8: 최명동 집게차 | E8: 82모8185 | F8: 최명동 | H8: 다옴금속 | I8: 알루미늄 B | L8: 60 | M8: 60 | O8: 60 | P8: 3900 | Q8: =P8*O8 -> 234000 | S8: 분류계근 5/9 60kg
A9: 46174 | B9: 포스코_KM_안산 | C9: 원방 | D9: 최명동 집게차 | E9: 82모8185 | F9: 최명동 | H9: 다옴금속 | I9: 알루미늄 B | J9: 13230 | K9: 15460 | L9: =(K9-J9)*0.7 -> 1561 | M9: 1561 | N9: 10 | O9: =M9-N9 -> 1551 | P9: 3900 | Q9: =P9*O9 -> 6048900 | R9: 출고 | S9: 일괄 안산으로 마대 5개 10kg 감량 | T9: 6/1 입금
A10: 46174 | B10: 동우PL1린텍_크로스_평택 | C10: 원방 | D10: 최명동 집게차 | E10: 82모8185 | F10: 최명동 | H10: 다옴금속 | I10: 알루미늄 B | L10: =(K9-J9)*0.3 -> 669 | M10: 669 | O10: =M10-N10 -> 669 | P10: 3900 | Q10: =P10*O10 -> 2609100
A11: 46191 | B11: 삼성전자_이텍솔루션_안성 | C11: 원방 | D11: 방통차 | E11: 전북86사3075 | F11: 이창민 | G11: 010-8369-1270 | H11: 다옴금속 | I11: 알판재 A | J11: 18740 | K11: 31860 | L11: =K11-J11-1000 -> 12120 | M11: 12120 | N11: 28 | O11: =M11-N11 -> 12092 | P11: 4400 | Q11: =O11*P11 -> 53204800 | R11: 출고 | S11: 마대 14개 28kg 감량 | T11: 6/18 입금
A12: 46191 | B12: 에코코리아 | C12: 원방 | D12: 방통차 | E12: 전북86사3075 | F12: 이창민 | G12: 010-8369-1270 | H12: 다옴금속 | I12: 알판재 A | L12: 1000 | M12: 1000 | O12: =M12-N12 -> 1000 | P12: 4400 | Q12: =O12*P12 -> 4400000
A13: 46191 | B13: 혼합 | C13: 원방 | D13: 방통차 | E13: 전북86사3075 | F13: 이창민 | G13: 010-8369-1270 | H13: 다옴금속 | I13: 알판재 B | J13: 31850 | K13: 34090 | L13: =K13-J13 -> 2240 | M13: 2240 | N13: 4 | O13: =M13-N13 -> 2236 | P13: 3900 | Q13: =O13*P13 -> 8720400 | R13: 출고 | S13: 마대 2개 4kg 감량
A14: 46198 | B14: 혼합 | C14: 원방 | D14: 집게차 | E14: 87주8410 | H14: 다옴메탈 | I14: A 샷시 | J14: 14200 | K14: 21550 | L14: =K14-J14 -> 7350 | M14: 7350 | N14: 26 | O14: =M14-N14 -> 7324 | P14: 4300 | Q14: =P14*O14 -> 31493200 | R14: 출고 | S14: 마대 13개 26kg 감량, 투플 물량 | T14: 7/2 입금
A15: 46203 | B15: 에코코리아 | C15: 원방 | D15: 카고 | E15: 경기84아5691 | F15: 이필선 | G15: 010-5877-2833 | H15: 다옴금속 | I15: 프로파일 A | L15: 1392 | M15: 1392 | O15: =M15-N15 -> 1392 | P15: 4500 | Q15: =O15*P15 -> 6264000 | R15: 출고 | S15: 삼성 이텍 3,808kg 차감 | T15: 6/30 입금
A16: 46203 | B16: 삼성전자_이텍솔루션_안성 | C16: 원방 | D16: 카고 | E16: 경기84아5691 | F16: 이필선 | G16: 010-5877-2833 | H16: 다옴금속 | I16: 프로파일 A | J16: 8550 | K16: 14280 | L16: =K16-J16-1392 -> 4338 | M16: 4338 | N16: 30 | O16: =M16-N16 -> 4308 | P16: 4500 | Q16: =O16*P16 -> 19386000 | S16: 마대 15개 30kg 감량, 에코코리아 1,392kg 차감
A17: 46203 | B17: 삼성전자_이텍솔루션_안성 | C17: 원방 | D17: 집게차 | E17: 82모8185 | F17: 최명동 | G17: 010-7997-2485 | H17: 다옴금속 | I17: 알판재 60 | J17: 13360 | K17: 20570 | L17: 7210 | M17: 7210 | N17: 10 | O17: =M17-N17 -> 7200 | P17: 4100 | Q17: =O17*P17 -> 29520000 | R17: 출고 | S17: 마대 5개 10kg 감량
S18: 6/30-451000
L19: =SUBTOTAL(9,L3:L18) -> 42400 | Q19: =SUBTOTAL(9,Q3:Q18) -> 178319400

Sheet 다문산업
A2: 계량일 | B2: 프로젝트명 | C2: 상차지 | D2: 차종 | E2: 차량번호 | F2: 운전자 | G2: 연락처 | H2: 거래처명 | I2: 제품명 | J2: 공차중량(kg) | K2: 총중량(kg) | L2: 실중량(kg) | M2: 거래처 감량 전 실중량(kg) | N2: 감량(kg) | O2: 정산 중량(kg) | P2: 단가(원) | Q2: 금액(원) | R2: 구분 | S2: 비고 | T2: 입금일
A3: 45926 | B3: 혼합 | E3: 96로8332 | H3: 다문산업 | I3: 잡선 | J3: 12630 | K3: 13000 | L3: =K3-J3 -> 370 | M3: 370 | O3: =M3-N3 -> 370 | P3: 3890 | Q3: =P3*O3 -> 1439300 | R3: 출고 | T3: 10/2 입금
H4: 다문산업 | I4: 중선 | J4: 13000 | K4: 13240 | L4: =K4-J4 -> 240 | M4: 240 | O4: =M4-N4 -> 240 | P4: 5130 | Q4: =P4*O4 -> 1231200
H5: 다문산업 | I5: 상선 | J5: 13240 | K5: 13320 | L5: =K5-J5 -> 80 | M5: 80 | N5: 3 | O5: =M5-N5 -> 77 | P5: 8360 | Q5: =P5*O5 -> 643720 | S5: 자루 1개
H6: 다문산업 | I6: A동 | J6: 13320 | K6: 14740 | L6: =K6-J6 -> 1420 | M6: 1420 | O6: =M6-N6 -> 1420 | P6: 13400 | Q6: =P6*O6 -> 19028000
H7: 다문산업 | I7: 상동 | J7: 14740 | K7: 15050 | L7: =K7-J7 -> 310 | M7: 240 | O7: =M7-N7 -> 240 | P7: 12900 | Q7: =P7*O7 -> 3096000
H8: 다문산업 | I8: 하동 | M8: 50 | O8: =M8-N8 -> 50 | P8: 12000 | Q8: =P8*O8 -> 600000 | S8: 업체 검수 계근
H9: 다문산업 | I9: 작업철(알모터) | J9: 15050 | K9: 19230 | L9: =K9-J9 -> 4180 | M9: 4190 | N9: 25 | O9: =M9-N9 -> 4165 | P9: 2610 | Q9: =P9*O9 -> 10870650 | S9: 자루 5개, 정산 시 차이 10kg 감량
H10: 다문산업 | I10: 라지에이타 | J10: 19230 | K10: 20260 | L10: =K10-J10 -> 1030 | M10: 1040 | O10: 1050 | P10: 6400 | Q10: =P10*O10 -> 6720000 | S10: 정산 시 차이 10kg 증량 정산
H11: 다문산업 | I11: 신주 1(잡A) | J11: 20260 | K11: 20600 | L11: =K11-J11 -> 340 | M11: 350 | N11: 13 | O11: =M11-N11 -> 337 | P11: 8200 | Q11: =P11*O11 -> 2763400 | S11: 자루 1개, 정산 시 차이 10kg 감량
H12: 다문산업 | I12: 신주 2(작업신주) | J12: 20600 | K12: 20700 | L12: =K12-J12 -> 100 | M12: 100 | N12: 3 | O12: =M12-N12 -> 97 | P12: 6500 | Q12: =P12*O12 -> 630500 | S12: 자루 1개
H13: 다문산업 | I13: 트랜스 | J13: 20700 | K13: 21240 | L13: =K13-J13 -> 540 | M13: 230 | N13: 3 | O13: =M13-N13 -> 227 | P13: 1850 | Q13: =P13*O13 -> 419950 | S13: 자루 1개
H14: 다문산업 | I14: 고철 | M14: 310 | N14: 3 | O14: =M14-N14 -> 307 | P14: 500 | Q14: =P14*O14 -> 153500 | S14: 자루 1개, 업체 검수 계근
A15: 46154 | B15: 포스코_KM_안산 | C15: 원방 | D15: 방통차 | E15: 충남94바3450 | F15: 구형서 | G15: 010-4889-4456 | H15: 다문산업 | I15: A동 | J15: 18360 | K15: 42030 | L15: =21620-2200 -> 19420 | M15: 19430 | O15: =L15 -> 19420 | P15: 19600 | Q15: =P15*O15 -> 380632000 | R15: 출고 | S15: 상계동, 군산 차감 후 | T15: 5/15 발행 5/15 5억 입금 5/18 4억 입금 외 분할 입금완료
A16: 46154 | B16: 대도_서울 상계동 | C16: 원방 | D16: 방통차 | E16: 충남94바3450 | F16: 구형서 | G16: 010-4889-4456 | H16: 다문산업 | I16: A동 | L16: 800 | M16: 800 | O16: 800 | P16: 19600 | Q16: =P16*O16 -> 15680000 | S16: 4/3 분류, 4/22 입고분 반영
A17: 46154 | B17: 현대_크로스_군산 | C17: 원방 | D17: 방통차 | E17: 충남94바3450 | F17: 구형서 | G17: 010-4889-4456 | H17: 다문산업 | I17: A동 | L17: =1250+2200 -> 3450 | M17: 3450 | O17: =L17 -> 3450 | P17: 19600 | Q17: =P17*O17 -> 67620000 | S17: 3/26, 4/1, 4/20 분류계근, 4/9 이동 재고 반영
A18: 46154 | B18: 포스코_KM_안산 | C18: 원방 | D18: 방통차 | E18: 충남94바3450 | F18: 구형서 | G18: 010-4889-4456 | H18: 다문산업 | I18: A동 | J18: 42030 | K18: 42970 | L18: 940 | M18: 940 | O18: 940 | P18: 19600 | Q18: =P18*O18 -> 18424000
A19: 46154 | B19: 포스코_KM_안산 | C19: 원방 | D19: 방통차 | E19: 전남80바2667 | F19: 김기용 | G19: 010-2811-2300 | H19: 다문산업 | I19: 캔디 | J19: 18780 | K19: 24690 | L19: 5910 | M19: 4930 | N19: 18 | O19: =M19-N19 -> 4912 | P19: 19200 | Q19: =P19*O19 -> 94310400 | R19: 출고 | S19: 자루 2개->6개
A20: 46154 | B20: 현대_크로스_군산 | C20: 원방 | D20: 방통차 | E20: 전남80바2667 | F20: 김기용 | G20: 010-2811-2300 | H20: 다문산업 | I20: 상동 | J20: 24690 | K20: 39200 | L20: 12080 | M20: =15500-M21-M22 -> 13070 | N20: 21 | O20: =M20-N20 -> 13049 | P20: 18800 | Q20: =P20*O20 -> 245321200 | S20: 3/23 ~ 4/9 분류계근 건 일부, 자루7개
A21: 46154 | B21: 포스코_KM_안산 | C21: 원방 | E21: 전남80바2667 | F21: 김기용 | G21: 010-2811-2300 | H21: 다문산업 | I21: 상동 | L21: 2150 | M21: 2150 | O21: 2150 | P21: 18800 | Q21: =P21*O21 -> 40420000 | S21: 4/8, 5/9 분류계근
A22: 46154 | B22: 대도_서울 상계동 | C22: 원방 | D22: 방통차 | E22: 전남80바2667 | F22: 김기용 | G22: 010-2811-2300 | H22: 다문산업 | I22: 상동 | L22: 280 | M22: 280 | O22: 280 | P22: 18800 | Q22: =P22*O22 -> 5264000 | S22: 4/3 분류계근 반영
A23: 46154 | B23: 포스코_KM_안산 | C23: 원방 | D23: 방통차 | E23: 전남86바1578 | F23: 김영윤 | G23: 010-3999-1056 | H23: 다문산업 | I23: 폐전선 | J23: 18160 | K23: 42940 | L23: 24780 | M23: 24960 | O23: 24780 | P23: =18000*0.47-500 -> 7960 | Q23: =P23*O23 -> 197248800 | R23: 출고 | S23: 수율 47%
A24: 46154 | B24: 현대_크로스_군산 | C24: 원방 | D24: 집게차 | E24: 89러0134 | F24: 다문산업 | H24: 다문산업 | I24: 잡선(47%) | J24: 12900 | K24: 16640 | L24: 1500 | M24: 1500 | O24: 1500 | P24: =18000*0.47-500 -> 7960 | Q24: =P24*O24 -> 11940000 | R24: 출고 | S24: 중동기준 단가
A25: 46154 | B25: 포스코_KM_안산 | C25: 원방 | D25: 집게차 | E25: 89러0134 | F25: 다문산업 | H25: 다문산업 | I25: 잡선(47%) | L25: 1230 | M25: 1250 | O25: 1230 | P25: =18000*0.47-500 -> 7960 | Q25: =P25*O25 -> 9790800 | S25: 군산, 당진 차감 후
A26: 46154 | B26: 현대제철_대도_당진 | C26: 원방 | D26: 집게차 | E26: 89러0134 | F26: 다문산업 | H26: 다문산업 | I26: 잡선(47%) | L26: 1010 | M26: 1010 | O26: 1010 | P26: =18000*0.47-500 -> 7960 | Q26: =P26*O26 -> 8039600 | S26: 5/11 분류계근 건
A27: 46154 | B27: 현대_크로스_군산 | C27: 원방 | D27: 집게차 | E27: 89러0134 | F27: 다문산업 | H27: 다문산업 | I27: 잡선(47%) | J27: 16640 | K27: 22260 | L27: 5620 | M27: 5620 | O27: 5620 | P27: =18000*0.47-500 -> 7960 | Q27: =P27*O27 -> 44735200 | S27: 현장에서 알려 줌
A28: 46154 | B28: 현대제철_대도_당진 | C28: 원방 | D28: 집게차 | E28: 89러0134 | F28: 다문산업 | H28: 다문산업 | I28: 단선_2mm선(65%) | J28: 22260 | K28: 23590 | L28: 660 | M28: 660 | N28: 6 | O28: 654 | P28: =19600*0.65-400 -> 12340 | Q28: =P28*O28 -> 8070360 | S28: 안산꺼 차감, 자루2개
A29: 46154 | B29: 포스코_KM_안산 | C29: 원방 | D29: 집게차 | E29: 89러0134 | F29: 다문산업 | H29: 다문산업 | I29: 단선_2mm선(65%) | L29: 670 | M29: 670 | N29: 21 | O29: 649 | P29: =19600*0.65-400 -> 12340 | Q29: =P29*O29 -> 8008660 | S29: 안산 반정도씩 담긴 7자루
A30: 46156 | B30: 포스코_KM_안산 | C30: 원방 | D30: 집게차 | E30: 89러0134 | F30: 다문산업 | H30: 다문산업 | I30: 트렌스 작업철 | J30: 12920 | K30: 22270 | L30: 5610 | M30: 5610 | N30: 21 | O30: 5589 | P30: 3700 | Q30: =P30*O30 -> 20679300 | R30: 출고 | S30: 안산 60%, 자루 7개 감량 | T30: 5/19 입금
A31: 46156 | B31: 현대_크로스_군산 | C31: 원방 | D31: 집게차 | E31: 89러0134 | F31: 다문산업 | H31: 다문산업 | I31: 트렌스 작업철 | L31: 3740 | M31: 3740 | N31: 12 | O31: 3728 | P31: 3700 | Q31: =P31*O31 -> 13793600 | S31: 군산 40%, 자루 4개 감량
A32: 46156 | B32: 포스코_KM_안산 | C32: 원방 | D32: 집게차 | E32: 89러0134 | F32: 다문산업 | H32: 다문산업 | I32: 중선 | J32: 22260 | K32: 25170 | L32: 2910 | M32: 2910 | N32: 39 | O32: 2871 | P32: 10600 | Q32: =P32*O32 -> 30432600 | S32: 자루 13개 감량
A33: 46156 | B33: 포스코_KM_안산 | C33: 원방 | D33: 집게차 | E33: 89러0134 | F33: 다문산업 | H33: 다문산업 | I33: 중동 | J33: 25170 | K33: 26770 | L33: 1600 | M33: 1620 | O33: 1600 | P33: 18200 | Q33: =P33*O33 -> 29120000
A34: 46175 | B34: 포스코_KM_안산 | C34: 원방 | D34: 집게차 | E34: 89러0134 | F34: 다문산업 | H34: 다문산업 | I34: A동 | J34: 12950 | K34: 15370 | L34: =K34-J34 -> 2420 | M34: 2420 | N34: 6 | O34: =L34-N34 -> 2414 | P34: 20100 | Q34: =P34*O34 -> 48521400 | R34: 출고 | S34: 자루 2개 | T34: 6/4 입금
A35: 46175 | B35: 포스코_KM_안산 | C35: 원방 | D35: 집게차 | E35: 89러0134 | F35: 다문산업 | H35: 다문산업 | I35: 캔디 | J35: 15370 | K35: 16130 | L35: =K35-J35-60 -> 700 | M35: 750 | N35: 3 | O35: =L35-N35 -> 697 | P35: 19700 | Q35: =P35*O35 -> 13730900 | S35: 자루 1개, 캔디에 상동 60kg 포함 상차
A36: 46175 | B36: 포스코_KM_안산 | C36: 원방 | D36: 집게차 | E36: 89러0134 | F36: 다문산업 | H36: 다문산업 | I36: 상동 | J36: 16130 | K36: 18970 | L36: =K36-J36+60 -> 2900 | M36: 2840 | N36: 27 | O36: =L36-N36 -> 2873 | P36: 19300 | Q36: =P36*O36 -> 55448900 | S36: 자루 9개, 캔디 상차 분 추가
A37: 46175 | B37: 포스코_KM_안산 | C37: 원방 | D37: 집게차 | E37: 89러0134 | F37: 다문산업 | H37: 다문산업 | I37: 잡선 | J37: 18970 | K37: 20930 | L37: =K37-J37 -> 1960 | M37: 1950 | N37: 15 | O37: =L37-N37 -> 1945 | P37: 6400 | Q37: =P37*O37 -> 12448000 | S37: 자루 5개, 중동 37% 작업비 450원 차감
A38: 46175 | B38: 포스코_KM_안산 | C38: 원방 | D38: 집게차 | E38: 89러0134 | F38: 다문산업 | H38: 다문산업 | I38: AL 라지에이타 | J38: 20930 | K38: 22810 | L38: =K38-J38 -> 1880 | M38: 1880 | N38: 6 | O38: =L38-N38 -> 1874 | P38: 9600 | Q38: =P38*O38 -> 17990400 | S38: 마대 2개
A39: 46176 | B39: 포스코_KM_안산 | C39: 원방 | D39: 집게차 | E39: 89러0134 | F39: 다문산업 | H39: 다문산업 | I39: 상동 | J39: 12920 | K39: 24130 | L39: =K39-J39 -> 11210 | M39: 11210 | N39: 3 | O39: =L39-N39 -> 11207 | P39: 19000 | Q39: =P39*O39 -> 212933000 | R39: 출고 | S39: 5/27~6/1 모터 분류 분, 자루 1개 | T39: 6/5 발행 6/8 입금
A40: 46176 | B40: 포스코_KM_안산 | C40: 원방 | D40: 집게차 | E40: 89러0134 | F40: 다문산업 | H40: 다문산업 | I40: 상동 | J40: 24130 | K40: 24180 | L40: =K40-J40 -> 50 | M40: 50 | N40: 3 | O40: =L40-N40 -> 47 | P40: 19000 | Q40: =P40*O40 -> 893000 | S40: 자루 1개
A41: 46176 | B41: 포스코_KM_안산 | C41: 원방 | D41: 카고 | E41: 경북82아6875 | H41: 다문산업 | I41: 아마추어 | J41: 15720 | K41: 29570 | L41: =K41-J41 -> 13850 | M41: 13850 | N41: 500 | O41: =L41-N41 -> 13350 | P41: 3700 | Q41: =P41*O41 -> 49395000 | R41: 출고
A42: 46176 | B42: LT메탈 남동공장 | C42: 원방 | D42: 카고 | E42: 경북82아6875 | H42: 다문산업 | I42: 트렌스 작업철 | J42: 29570 | K42: 33220 | L42: =K42-J42-200 -> 3450 | M42: 3450 | N42: 3 | O42: =L42-N42 -> 3447 | P42: 3700 | Q42: =P42*O42 -> 12753900 | S42: 알코아, 마대 1개, 안산 반출물 200kg 차감
A43: 46176 | B43: 포스코_KM_안산 | C43: 원방 | D43: 카고 | E43: 경북82아6875 | H43: 다문산업 | I43: 트렌스 작업철 | L43: 200 | M43: 200 | O43: =L43-N43 -> 200 | P43: 3700 | Q43: =P43*O43 -> 740000 | S43: 알코아, 트렌스랑 혼합 반출
A44: 46176 | B44: 포스코_KM_안산 | C44: 원방 | D44: 카고 | E44: 경북82아6875 | H44: 다문산업 | I44: 작업철 | J44: 33220 | K44: 36920 | L44: =K44-J44 -> 3700 | M44: 3700 | N44: 24 | O44: =L44-N44 -> 3676 | P44: 1250 | Q44: =P44*O44 -> 4595000 | S44: 자루 8개
A45: 46176 | B45: 포스코_KM_안산 | C45: 원방 | D45: 집게차 | E45: 96로8332 | F45: 다문산업 | H45: 다문산업 | I45: 작업철 | J45: 12670 | K45: 14420 | L45: =K45-J45 -> 1750 | M45: 1750 | N45: 3 | O45: =L45-N45 -> 1747 | P45: 1250 | Q45: =P45*O45 -> 2183750 | R45: 출고 | S45: 자루 1개
A46: 46176 | B46: 포스코_KM_안산 | C46: 원방 | D46: 집게차 | E46: 96로8332 | F46: 다문산업 | H46: 다문산업 | I46: 신주 | J46: 14420 | K46: 19780 | L46: =K46-J46 -> 5360 | M46: 5360 | N46: 30 | O46: =L46-N46 -> 5330 | P46: 11500 | Q46: =P46*O46 -> 61295000 | S46: 자루 10개, 등급 절봉, 4/1, 4/29, 5/9 분류계근 일부
S48: DC모터 분류_상동 5/28 140kg, 5/29 760kg
L49: =SUBTOTAL(9,L3:L48) -> 152400 | Q49: =SUBTOTAL(9,Q3:Q48) -> 1790054990
S51: *캔디가 상동보다 300원 더 비쌈

Sheet 세화철강
A2: 계량일 | B2: 프로젝트명 | C2: 상차지 | D2: 차종 | E2: 차량번호 | F2: 운전자 | G2: 연락처 | H2: 거래처명 | I2: 제품명 | J2: 공차중량(kg) | K2: 총중량(kg) | L2: 실중량(kg) | M2: 거래처 감량 전 실중량(kg) | N2: 감량(kg) | O2: 정산 중량(kg) | P2: 단가(원) | Q2: 금액(원) | R2: 구분 | S2: 비고 | T2: 입금일
A3: 45929 | B3: 혼합 | E3: 87주8410 | H3: 세화철강 | I3: 고철(중량) | J3: 14070 | K3: 23360 | L3: =K3-J3 -> 9290 | M3: 9350 | O3: 9290 | P3: 365 | Q3: =P3*O3 -> 3390850 | R3: 출고 | T3: 9/30 입금
A4: 45929 | B4: 혼합 | E4: 87주8410 | H4: 세화철강 | I4: 고철(중량) | L4: 9580 | M4: 9580 | O4: 9580 | P4: 365 | Q4: =P4*O4 -> 3496700 | R4: 출고 | S4: 원방 계근대 검사 중으로 업체 계근으로 정산
A5: 46147 | B5: 포스코_KM_안산 | C5: 현장 | D5: 집게차 | E5: 87주8410 | F5: 배민국 | G5: 010-9110-0126 | H5: 세화철강 | I5: 고철(경A) | J5: 14220 | K5: 17620 | L5: =K5-J5 -> 3400 | M5: 3370 | O5: =L5 -> 3400 | P5: 420 | Q5: =P5*O5 -> 1428000 | R5: 출고 | S5: 5/4부 중, 경량 10원, 5/7 10원 인상 | T5: 5/6 입금
A6: 46155 | B6: 포스코_KM_안산 | C6: 현장 | D6: 방통차 | E6: 경기90자2889 | H6: 세화철강 | I6: 고철(중량) | J6: 18700 | K6: 42920 | L6: =K6-J6 -> 24220 | M6: 24130 | O6: =L6 -> 24220 | P6: 480 | Q6: =P6*O6 -> 11625600 | R6: 출고 | S6: 5/12부 15원 인상 경량 455원, 중량 480원 | T6: 5/14 입금
A7: 46155 | B7: 포스코_KM_안산 | C7: 현장 | D7: 방통차 | E7: 경기80바7145 | H7: 세화철강 | I7: 고철(중량) | J7: 18520 | K7: 43200 | L7: =K7-J7 -> 24680 | M7: 24570 | O7: =L7 -> 24680 | P7: 480 | Q7: =P7*O7 -> 11846400 | R7: 출고
A8: 46155 | B8: 포스코_KM_안산 | C8: 현장 | D8: 방통차 | E8: 충북91아2060 | H8: 세화철강 | I8: 고철(중량) | J8: 18140 | K8: 43960 | L8: =K8-J8 -> 25820 | M8: 25720 | O8: =L8 -> 25820 | P8: 480 | Q8: =P8*O8 -> 12393600 | R8: 출고
A9: 46155 | B9: 포스코_KM_안산 | C9: 현장 | D9: 방통차 | E9: 서울82바4890 | H9: 세화철강 | I9: 고철(중량) | J9: 18460 | K9: 43520 | L9: =K9-J9 -> 25060 | M9: 24960 | O9: =L9 -> 25060 | P9: 480 | Q9: =P9*O9 -> 12028800 | R9: 출고
A10: 46155 | B10: 포스코_KM_안산 | C10: 현장 | D10: 방통차 | E10: 서울88아4910 | H10: 세화철강 | I10: 고철(중량) | J10: 17940 | K10: 43200 | L10: =K10-J10 -> 25260 | M10: 25150 | O10: =L10 -> 25260 | P10: 480 | Q10: =P10*O10 -> 12124800 | R10: 출고
A11: 46155 | B11: 포스코_KM_안산 | C11: 현장 | D11: 방통차 | E11: 인천80자1904 | F11: 배조성 | G11: 010-4737-6803 | H11: 세화철강 | I11: 고철(중량) | J11: 18540 | K11: 42920 | L11: =K11-J11 -> 24380 | M11: 24370 | O11: =L11 -> 24380 | P11: 480 | Q11: =P11*O11 -> 11702400 | R11: 출고
A12: 46155 | B12: 포스코_KM_안산 | C12: 현장 | D12: 방통차 | E12: 인천80사7274 | H12: 세화철강 | I12: 고철(중량) | J12: 18300 | K12: 42760 | L12: =K12-J12 -> 24460 | M12: 24400 | O12: =L12 -> 24460 | P12: 480 | Q12: =P12*O12 -> 11740800 | R12: 출고
A13: 46155 | B13: 포스코_KM_안산 | C13: 현장 | D13: 방통차 | E13: 경기90자2889 | H13: 세화철강 | I13: 고철(중량) | J13: 18580 | K13: 42660 | L13: =K13-J13 -> 24080 | M13: 23900 | O13: =L13 -> 24080 | P13: 480 | Q13: =P13*O13 -> 11558400 | R13: 출고
A14: 46155 | B14: 포스코_KM_안산 | C14: 현장 | D14: 방통차 | E14: 경기80바7145 | H14: 세화철강 | I14: 고철(중량) | J14: 18360 | K14: 43320 | L14: =K14-J14 -> 24960 | M14: 24940 | O14: =L14 -> 24960 | P14: 480 | Q14: =P14*O14 -> 11980800 | R14: 출고
A15: 46155 | B15: 포스코_KM_안산 | C15: 현장 | D15: 방통차 | E15: 서울87아8165 | H15: 세화철강 | I15: 고철(중량) | J15: 18500 | K15: 42880 | L15: =K15-J15 -> 24380 | M15: 24240 | O15: =L15 -> 24380 | P15: 480 | Q15: =P15*O15 -> 11702400 | R15: 출고
A16: 46156 | B16: 포스코_KM_안산 | C16: 현장 | D16: 방통차 | E16: 서울87아8165 | H16: 세화철강 | I16: 고철(중량) | J16: 18500 | K16: 42800 | L16: =K16-J16 -> 24300 | M16: 24260 | O16: =L16 -> 24300 | P16: 480 | Q16: =P16*O16 -> 11664000 | R16: 출고 | T16: 5/15 입금
A17: 46156 | B17: 포스코_KM_안산 | C17: 현장 | D17: 방통차 | E17: 서울82바4890 | H17: 세화철강 | I17: 고철(중량) | J17: 18500 | K17: 43060 | L17: =K17-J17 -> 24560 | M17: 24540 | O17: =L17 -> 24560 | P17: 480 | Q17: =P17*O17 -> 11788800 | R17: 출고
A18: 46156 | B18: 포스코_KM_안산 | C18: 현장 | D18: 방통차 | E18: 경기80바7145 | H18: 세화철강 | I18: 고철(중량) | J18: 18380 | K18: 42500 | L18: =K18-J18 -> 24120 | M18: 23950 | O18: =L18 -> 24120 | P18: 480 | Q18: =P18*O18 -> 11577600 | R18: 출고
A19: 46156 | B19: 포스코_KM_안산 | C19: 현장 | D19: 방통차 | E19: 서울88아4910 | H19: 세화철강 | I19: 고철(중량) | J19: 17920 | K19: 42660 | L19: =K19-J19 -> 24740 | M19: 24630 | O19: =L19 -> 24740 | P19: 480 | Q19: =P19*O19 -> 11875200 | R19: 출고
A20: 46156 | B20: 포스코_KM_안산 | C20: 현장 | D20: 방통차 | E20: 인천80자1932 | F20: 이종화 | G20: 010-5396-9846 | H20: 세화철강 | I20: 고철(중량) | J20: 18400 | K20: 43580 | L20: =K20-J20 -> 25180 | M20: 25110 | O20: =L20 -> 25180 | P20: 480 | Q20: =P20*O20 -> 12086400 | R20: 출고
A21: 46156 | B21: 포스코_KM_안산 | C21: 현장 | D21: 방통차 | E21: 인천80사7274 | H21: 세화철강 | I21: 고철(중량) | J21: 18420 | K21: 42360 | L21: =K21-J21 -> 23940 | M21: 23900 | O21: =L21 -> 23940 | P21: 480 | Q21: =P21*O21 -> 11491200 | R21: 출고
A22: 46156 | B22: 포스코_KM_안산 | C22: 현장 | D22: 방통차 | E22: 경기80바6092 | H22: 세화철강 | I22: 고철(중량) | J22: 18800 | K22: 42060 | L22: =K22-J22 -> 23260 | M22: 23220 | O22: =L22 -> 23260 | P22: 480 | Q22: =P22*O22 -> 11164800 | R22: 출고
A23: 46156 | B23: 포스코_KM_안산 | C23: 현장 | D23: 방통차 | E23: 서울87아8165 | H23: 세화철강 | I23: 고철(중량) | J23: 18460 | K23: 42120 | L23: =K23-J23 -> 23660 | M23: 23650 | O23: =L23 -> 23660 | P23: 480 | Q23: =P23*O23 -> 11356800 | R23: 출고
A24: 46156 | B24: 포스코_KM_안산 | C24: 현장 | D24: 방통차 | E24: 서울82바4890 | H24: 세화철강 | I24: 고철(중량) | J24: 18700 | K24: 43040 | L24: =K24-J24 -> 24340 | M24: 24290 | O24: =L24 -> 24340 | P24: 480 | Q24: =P24*O24 -> 11683200 | R24: 출고
A25: 46156 | B25: 포스코_KM_안산 | C25: 현장 | D25: 방통차 | E25: 경기80바7145 | H25: 세화철강 | I25: 고철(중량) | J25: 18500 | K25: 42840 | L25: =K25-J25 -> 24340 | M25: 24270 | O25: =L25 -> 24340 | P25: 480 | Q25: =P25*O25 -> 11683200 | R25: 출고
A26: 46157 | B26: 포스코_KM_안산 | C26: 현장 | D26: 방통차 | E26: 인천80자1904 | F26: 배조성 | G26: 010-4737-6803 | H26: 세화철강 | I26: 고철(중량) | J26: 18560 | K26: 43580 | L26: =K26-J26 -> 25020 | M26: 25010 | O26: =L26 -> 25020 | P26: 480 | Q26: =P26*O26 -> 12009600 | R26: 출고 | T26: 5/18 입금
A27: 46157 | B27: 포스코_KM_안산 | C27: 현장 | D27: 방통차 | E27: 인천85아5409 | F27: 김문중 | G27: 010-6667-8255 | H27: 세화철강 | I27: 고철(중량) | J27: 18240 | K27: 42480 | L27: =K27-J27 -> 24240 | M27: 24120 | O27: =L27 -> 24240 | P27: 480 | Q27: =P27*O27 -> 11635200 | R27: 출고
A28: 46157 | B28: 포스코_KM_안산 | C28: 현장 | D28: 방통차 | E28: 인천80자1932 | F28: 이종화 | G28: 010-5396-9846 | H28: 세화철강 | I28: 고철(중량) | J28: 18400 | K28: 43240 | L28: =K28-J28 -> 24840 | M28: 24800 | O28: =L28 -> 24840 | P28: 480 | Q28: =P28*O28 -> 11923200 | R28: 출고
A29: 46157 | B29: 포스코_KM_안산 | C29: 현장 | D29: 방통차 | E29: 서울87아7712 | F29: 김기범 | G29: 010-7700-7041 | H29: 세화철강 | I29: 고철(중량) | J29: 18740 | K29: 43220 | L29: =K29-J29 -> 24480 | M29: 24430 | O29: =L29 -> 24480 | P29: 480 | Q29: =P29*O29 -> 11750400 | R29: 출고
A30: 46157 | B30: 포스코_KM_안산 | C30: 현장 | D30: 방통차 | E30: 대구84아9559 | F30: 임상현 | G30: 010-4714-8294 | H30: 세화철강 | I30: 고철(중량) | J30: 18760 | K30: 42460 | L30: =K30-J30 -> 23700 | M30: 23610 | O30: =L30 -> 23700 | P30: 480 | Q30: =P30*O30 -> 11376000 | R30: 출고 | S30: 계근차 90kg
A31: 46157 | B31: 포스코_KM_안산 | C31: 현장 | D31: 방통차 | E31: 인천85바3859 | F31: 김태동 | G31: 010-7504-1068 | H31: 세화철강 | I31: 고철(중량) | J31: 18420 | K31: 43020 | L31: =K31-J31 -> 24600 | M31: 24510 | O31: =L31 -> 24600 | P31: 480 | Q31: =P31*O31 -> 11808000 | R31: 출고 | S31: 계근차 90kg
A32: 46158 | B32: 동우PL1린텍_크로스_평택 | C32: 현장 | D32: 집게차 | E32: 87주8410 | F32: 배민국 | G32: 010-9110-0126 | H32: 세화철강 | I32: 고철(경A) | J32: 13930 | K32: 17800 | L32: =K32-J32 -> 3870 | M32: 3850 | O32: =L32 -> 3870 | P32: 445 | Q32: =P32*O32 -> 1722150 | R32: 출고
A33: 46158 | B33: 포스코_KM_안산 | C33: 현장 | D33: 방통차 | E33: 서울88아3514 | F33: 박인규 | G33: 010-5332-9890 | H33: 세화철강 | I33: 고철(중량장척) | J33: 18520 | K33: 33300 | L33: =K33-J33 -> 14780 | M33: 14630 | O33: =L33 -> 14780 | P33: 460 | Q33: =P33*O33 -> 6798800 | R33: 출고
A34: 46158 | B34: 포스코_KM_안산 | C34: 현장 | D34: 방통차 | E34: 인천95바4643 | F34: 홍정희 | G34: 010-6224-9825 | H34: 세화철강 | I34: 고철(중량) | J34: 19060 | K34: 42140 | L34: =K34-J34 -> 23080 | M34: 23020 | O34: =L34 -> 23080 | P34: 480 | Q34: =P34*O34 -> 11078400 | R34: 출고
A35: 46158 | B35: 포스코_KM_안산 | C35: 현장 | D35: 방통차 | E35: 경기93자8201 | H35: 세화철강 | I35: 고철(중량장척) | J35: 18840 | K35: 33780 | L35: =K35-J35 -> 14940 | M35: 13460 | O35: =L35 -> 14940 | P35: 460 | Q35: =P35*O35 -> 6872400 | R35: 출고
A36: 46158 | B36: 포스코_KM_안산 | C36: 현장 | D36: 방통차 | E36: 경기80바6092 | H36: 세화철강 | I36: 고철(중량) | J36: 18840 | K36: 41780 | L36: =K36-J36 -> 22940 | M36: 22810 | O36: =L36 -> 22940 | P36: 480 | Q36: =P36*O36 -> 11011200 | R36: 출고
A37: 46158 | B37: 포스코_KM_안산 | C37: 현장 | D37: 방통차 | E37: 서울87아7712 | F37: 김기범 | G37: 010-7700-7041 | H37: 세화철강 | I37: 고철(중량장척) | J37: 18740 | K37: 31080 | L37: =K37-J37 -> 12340 | M37: 12320 | O37: =L37 -> 12340 | P37: 460 | Q37: =P37*O37 -> 5676400 | R37: 출고
A38: 46158 | B38: 포스코_KM_안산 | C38: 현장 | D38: 방통차 | E38: 대전89아7686 | F38: 김민욱 | G38: 010-7139-2998 | H38: 세화철강 | I38: 고철(중량장척) | J38: 18640 | K38: 32020 | L38: =K38-J38 -> 13380 | M38: 13340 | O38: =L38 -> 13380 | P38: 460 | Q38: =P38*O38 -> 6154800 | R38: 출고
A39: 46158 | B39: 포스코_KM_안산 | C39: 현장 | D39: 방통차 | E39: 인천85바9168 | F39: 최원곤 | G39: 010-6495-2983 | H39: 세화철강 | I39: 고철(중량장척) | J39: 18440 | K39: 33500 | L39: =K39-J39 -> 15060 | M39: 14890 | O39: =L39 -> 15060 | P39: 460 | Q39: =P39*O39 -> 6927600 | R39: 출고
A40: 46158 | B40: 포스코_KM_안산 | C40: 현장 | D40: 방통차 | E40: 충북91아2060 | H40: 세화철강 | I40: 고철(중량) | J40: 17960 | K40: 43060 | L40: =K40-J40 -> 25100 | M40: 25060 | O40: =L40 -> 25100 | P40: 480 | Q40: =P40*O40 -> 12048000 | R40: 출고
A41: 46158 | B41: 포스코_KM_안산 | C41: 현장 | D41: 방통차 | E41: 인천80아8306 | F41: 이용화 | G41: 010-3323-9265 | H41: 세화철강 | I41: 고철(중량장척) | J41: 18320 | K41: 33460 | L41: =K41-J41 -> 15140 | M41: 15000 | O41: =L41 -> 15140 | P41: 460 | Q41: =P41*O41 -> 6964400 | R41: 출고
A42: 46158 | B42: 포스코_KM_안산 | C42: 현장 | D42: 방통차 | E42: 경기90자2889 | H42: 세화철강 | I42: 고철(중량) | J42: 18700 | K42: 43600 | L42: =K42-J42 -> 24900 | M42: 24800 | O42: =L42 -> 24900 | P42: 480 | Q42: =P42*O42 -> 11952000 | R42: 출고
A43: 46158 | B43: 포스코_KM_안산 | C43: 현장 | D43: 방통차 | E43: 인천86아1820 | F43: 이종하 | G43: 010-5396-9846 | H43: 세화철강 | I43: 고철(중량) | J43: 18740 | K43: 42860 | L43: =K43-J43 -> 24120 | M43: 24070 | O43: =L43 -> 24120 | P43: 480 | Q43: =P43*O43 -> 11577600 | R43: 출고
A44: 46158 | B44: 포스코_KM_안산 | C44: 현장 | D44: 방통차 | E44: 경기93자8201 | H44: 세화철강 | I44: 고철(중량장척) | J44: 18800 | K44: 32300 | L44: =K44-J44 -> 13500 | M44: 14750 | O44: =L44 -> 13500 | P44: 460 | Q44: =P44*O44 -> 6210000 | R44: 출고
A45: 46158 | B45: 포스코_KM_안산 | C45: 현장 | D45: 방통차 | E45: 서울87아7712 | F45: 김기범 | G45: 010-7700-7041 | H45: 세화철강 | I45: 고철(중량장척) | J45: 18700 | K45: 37720 | L45: =K45-J45 -> 19020 | M45: 18990 | O45: =L45 -> 19020 | P45: 460 | Q45: =P45*O45 -> 8749200 | R45: 출고
A46: 46158 | B46: 포스코_KM_안산 | C46: 현장 | D46: 방통차 | E46: 대전89아7686 | F46: 김민욱 | G46: 010-7139-2998 | H46: 세화철강 | I46: 고철(중량장척) | J46: 18580 | K46: 31700 | L46: =K46-J46 -> 13120 | M46: 13030 | O46: =L46 -> 13120 | P46: 460 | Q46: =P46*O46 -> 6035200 | R46: 출고
A47: 46158 | B47: 포스코_KM_안산 | C47: 현장 | D47: 방통차 | E47: 인천80아8306 | F47: 이용화 | G47: 010-3323-9265 | H47: 세화철강 | I47: 고철(중량장척) | J47: 18280 | K47: 35540 | L47: =K47-J47 -> 17260 | M47: 17070 | N47: 500 | O47: =L47-N47 -> 16760 | P47: 460 | Q47: =P47*O47 -> 7709600 | R47: 출고 | S47: 이물질 500kg 감량
A48: 46159 | B48: 동우PL1린텍_크로스_평택 | C48: 현장 | D48: 집게차 | E48: 84나4888 | F48: 이민규 | G48: 010-5899-9660 | H48: 세화철강 | I48: 고철(빔장척) | J48: 21390 | K48: 32670 | L48: =K48-J48 -> 11280 | O48: =L48 -> 11280 | P48: 490 | Q48: =P48*O48 -> 5527200 | R48: 출고
A49: 46159 | B49: 동우PL1린텍_크로스_평택 | C49: 현장 | D49: 방통차 | E49: 경북80아9218 | F49: 정현철 | G49: 010-3873-2063 | H49: 세화철강 | I49: 고철(빔장척) | J49: 17930 | K49: 32120 | L49: =K49-J49 -> 14190 | O49: =L49 -> 14190 | P49: 475 | Q49: =P49*O49 -> 6740250 | R49: 출고
A50: 46159 | B50: 동우PL1린텍_크로스_평택 | C50: 현장 | D50: 방통차 | E50: 경북80아9218 | F50: 정현철 | G50: 010-3873-2063 | H50: 세화철강 | I50: 고철(빔장척) | J50: 17910 | K50: 33670 | L50: =K50-J50 -> 15760 | O50: =L50 -> 15760 | P50: 475 | Q50: =P50*O50 -> 7486000 | R50: 출고
A51: 46160 | B51: 포스코_KM_안산 | C51: 현장 | D51: 방통차 | E51: 경기80바6092 | H51: 세화철강 | I51: 고철(중량) | J51: 18820 | K51: 43060 | L51: =K51-J51 -> 24240 | M51: 24210 | O51: =L51 -> 24240 | P51: 500 | Q51: =P51*O51 -> 12120000 | R51: 출고 | S51: 5/18분 부터 20원 인상해 줌 | T51: 5/19 입금
A52: 46160 | B52: 포스코_KM_안산 | C52: 현장 | D52: 방통차 | E52: 서울87아7712 | F52: 김기범 | G52: 010-7700-7041 | H52: 세화철강 | I52: 고철(중량장척) | J52: 18760 | K52: 28660 | L52: =K52-J52 -> 9900 | M52: 10010 | O52: =L52 -> 9900 | P52: 480 | Q52: =P52*O52 -> 4752000 | R52: 출고
A53: 46160 | B53: 포스코_KM_안산 | C53: 현장 | D53: 방통차 | E53: 충남80바2810 | F53: 김상철 | G53: 010-7107-6000 | H53: 세화철강 | I53: 고철(중량장척) | J53: 18780 | K53: 33420 | L53: =K53-J53 -> 14640 | M53: 14620 | O53: =L53-N53 -> 14640 | P53: 480 | Q53: =P53*O53 -> 7027200 | R53: 출고
A54: 46160 | B54: 포스코_KM_안산 | C54: 현장 | D54: 방통차 | E54: 경북80아9218 | F54: 정현철 | G54: 010-3873-2063 | H54: 세화철강 | I54: 고철(중량장척) | J54: 18380 | K54: 35340 | L54: =K54-J54 -> 16960 | M54: 17040 | O54: =L54 -> 16960 | P54: 480 | Q54: =P54*O54 -> 8140800 | R54: 출고
A55: 46160 | B55: 포스코_KM_안산 | C55: 현장 | D55: 방통차 | E55: 인천86아1820 | F55: 이종하 | G55: 010-5396-9846 | H55: 세화철강 | I55: 고철(중량장척) | J55: 18620 | K55: 38140 | L55: =K55-J55 -> 19520 | M55: 19430 | O55: =L55 -> 19520 | P55: 480 | Q55: =P55*O55 -> 9369600 | R55: 출고
A56: 46160 | B56: 포스코_KM_안산 | C56: 현장 | D56: 방통차 | E56: 인천80자1923 | F56: 최한영 | G56: 010-9651-9909 | H56: 세화철강 | I56: 고철(중량장척) | J56: 17980 | K56: 37640 | L56: =K56-J56 -> 19660 | M56: 19630 | O56: =L56 -> 19660 | P56: 480 | Q56: =P56*O56 -> 9436800 | R56: 출고
A57: 46160 | B57: 포스코_KM_안산 | C57: 현장 | D57: 방통차 | E57: 인천80자1903 | F57: 박영재 | G57: 010-5063-2467 | H57: 세화철강 | I57: 고철(중량장척) | J57: 18640 | K57: 34640 | L57: =K57-J57 -> 16000 | M57: 15830 | O57: =L57 -> 16000 | P57: 480 | Q57: =P57*O57 -> 7680000 | R57: 출고
A58: 46160 | B58: 포스코_KM_안산 | C58: 현장 | D58: 방통차 | E58: 경기96자1089 | F58: 서건식 | G58: 010-9037-6416 | H58: 세화철강 | I58: 고철(중량) | J58: 18960 | K58: 34600 | L58: =K58-J58 -> 15640 | M58: 15560 | N58: 400 | O58: =L58-N58 -> 15240 | P58: 480 | Q58: =P58*O58 -> 7315200 | R58: 출고 | S58: 더스트 400kg 감량
A59: 46160 | B59: 포스코_KM_안산 | C59: 현장 | D59: 방통차 | E59: 대전87아8321 | F59: 조병태 | G59: 010-9082-6354 | H59: 세화철강 | I59: 고철(중량장척) | J59: 19000 | K59: 37080 | L59: =K59-J59 -> 18080 | M59: 18010 | O59: =L59 -> 18080 | P59: 480 | Q59: =P59*O59 -> 8678400 | R59: 출고
A60: 46160 | B60: 포스코_KM_안산 | C60: 현장 | D60: 방통차 | E60: 인천86아1820 | F60: 이종하 | G60: 010-5396-9846 | H60: 세화철강 | I60: 고철(중량장척) | J60: 18600 | K60: 35280 | L60: =K60-J60 -> 16680 | M60: 16630 | O60: =L60 -> 16680 | P60: 480 | Q60: =P60*O60 -> 8006400 | R60: 출고
A61: 46160 | B61: 포스코_KM_안산 | C61: 현장 | D61: 방통차 | E61: 인천80자1923 | F61: 최한영 | G61: 010-9651-9909 | H61: 세화철강 | I61: 고철(중량장척) | J61: 18080 | K61: 36460 | L61: =K61-J61 -> 18380 | M61: 18270 | O61: =L61 -> 18380 | P61: 480 | Q61: =P61*O61 -> 8822400 | R61: 출고
A62: 46160 | B62: 동우PL1린텍_크로스_평택 | C62: 현장 | D62: 집게차 | E62: 87주8410 | F62: 배민국 | G62: 010-9110-0126 | H62: 세화철강 | I62: 고철(철근) | J62: 15570 | K62: 19660 | L62: =K62-J62 -> 4090 | M62: 4090 | O62: =L62 -> 4090 | P62: 465 | Q62: =P62*O62 -> 1901850 | R62: 출고 | S62: 일부 상차하여 세화 계근 정산
A63: 46160 | B63: 동우PL1린텍_크로스_평택 | C63: 현장 | D63: 방통차 | E63: 경북80아9218 | F63: 정현철 | G63: 010-3873-2063 | H63: 세화철강 | I63: 고철(경A) | J63: 18080 | K63: 26800 | L63: =K63-J63 -> 8720 | M63: 8680 | O63: =L63 -> 8720 | P63: 450 | Q63: =P63*O63 -> 3924000 | R63: 출고
A64: 46160 | B64: 동우PL1린텍_크로스_평택 | C64: 현장 | D64: 방통차 | E64: 인천83사9675 | F64: 서재하 | G64: 010-9027-1162 | H64: 세화철강 | I64: 고철(경량) | J64: 18610 | K64: 25680 | L64: =K64-J64 -> 7070 | M64: 7270 | O64: =L64 -> 7070 | P64: 450 | Q64: =P64*O64 -> 3181500 | R64: 출고
A65: 46160 | B65: 동우PL1린텍_크로스_평택 | C65: 현장 | D65: 방통차 | E65: 충남80바2810 | F65: 김상철 | G65: 010-7107-6000 | H65: 세화철강 | I65: 고철(중량장척) | J65: 18840 | K65: 32380 | L65: =K65-J65 -> 13540 | M65: 13450 | O65: =L65 -> 13540 | P65: 470 | Q65: =P65*O65 -> 6363800 | R65: 출고
A66: 46160 | B66: 동우PL1린텍_크로스_평택 | C66: 현장 | D66: 방통차 | E66: 경기96자1089 | F66: 서건식 | G66: 010-9037-6416 | H66: 세화철강 | I66: 고철(중량장척) | J66: 18700 | K66: 31220 | L66: =K66-J66 -> 12520 | M66: 12470 | O66: =L66 -> 12520 | P66: 470 | Q66: =P66*O66 -> 5884400 | R66: 출고
A67: 46161 | B67: 포스코_KM_안산 | C67: 현장 | D67: 방통차 | E67: 대전87아8321 | F67: 조병태 | G67: 010-9082-6354 | H67: 세화철강 | I67: 고철(중량) | J67: 18940 | K67: 42040 | L67: =K67-J67 -> 23100 | M67: 22970 | O67: =L67 -> 23100 | P67: 500 | Q67: =P67*O67 -> 11550000 | R67: 출고 | T67: 5/20 입금
A68: 46161 | B68: 포스코_KM_안산 | C68: 현장 | D68: 방통차 | E68: 경기90자2889 | H68: 세화철강 | I68: 고철(중량) | J68: 18600 | K68: 42320 | L68: =K68-J68 -> 23720 | M68: 23650 | O68: =L68 -> 23720 | P68: 500 | Q68: =P68*O68 -> 11860000 | R68: 출고
A69: 46161 | B69: 포스코_KM_안산 | C69: 현장 | D69: 방통차 | E69: 경기80바6092 | H69: 세화철강 | I69: 고철(중량장척) | J69: 18740 | K69: 42180 | L69: =K69-J69 -> 23440 | M69: 23410 | O69: =L69 -> 23440 | P69: 480 | Q69: =P69*O69 -> 11251200 | R69: 출고
A70: 46161 | B70: 포스코_KM_안산 | C70: 현장 | D70: 방통차 | E70: 대구84아9559 | F70: 임상현 | G70: 010-4714-8294 | H70: 세화철강 | I70: 고철(중량) | J70: 18800 | K70: 42660 | L70: =K70-J70 -> 23860 | M70: 23800 | O70: =L70 -> 23860 | P70: 500 | Q70: =P70*O70 -> 11930000 | R70: 출고
A71: 46161 | B71: 포스코_KM_안산 | C71: 현장 | D71: 방통차 | E71: 인천85아5409 | F71: 김문중 | G71: 010-6667-8255 | H71: 세화철강 | I71: 고철(중량장척) | J71: 18100 | K71: 38560 | L71: =K71-J71 -> 20460 | M71: 20320 | O71: =L71 -> 20460 | P71: 480 | Q71: =P71*O71 -> 9820800 | R71: 출고
A72: 46161 | B72: 포스코_KM_안산 | C72: 현장 | D72: 방통차 | E72: 인천80자1932 | F72: 이종화 | G72: 010-5396-9846 | H72: 세화철강 | I72: 고무롤 | J72: 18520 | K72: 39520 | L72: =K72-J72 -> 21000 | M72: 20810 | O72: =L72 -> 21000 | P72: 420 | Q72: =P72*O72 -> 8820000 | R72: 출고
A73: 46161 | B73: 포스코_KM_안산 | C73: 현장 | D73: 방통차 | E73: 대전87아8321 | F73: 조병태 | G73: 010-9082-6354 | H73: 세화철강 | I73: 고철(중량) | J73: 18940 | K73: 42600 | L73: =K73-J73 -> 23660 | M73: 23510 | O73: =L73 -> 23660 | P73: 500 | Q73: =P73*O73 -> 11830000 | R73: 출고
A74: 46161 | B74: 포스코_KM_안산 | C74: 현장 | D74: 방통차 | E74: 경기90자2889 | H74: 세화철강 | I74: 고철(중량) | J74: 18760 | K74: 42620 | L74: =K74-J74 -> 23860 | M74: 23850 | O74: =L74 -> 23860 | P74: 500 | Q74: =P74*O74 -> 11930000 | R74: 출고
A75: 46161 | B75: 포스코_KM_안산 | C75: 현장 | D75: 방통차 | E75: 경기80바6092 | H75: 세화철강 | I75: 고철(중량장척) | J75: 18860 | K75: 43100 | L75: =K75-J75 -> 24240 | M75: 24200 | O75: =L75 -> 24240 | P75: 480 | Q75: =P75*O75 -> 11635200 | R75: 출고
A76: 46161 | B76: 포스코_KM_안산 | C76: 현장 | D76: 방통차 | E76: 대구84아9559 | F76: 임상현 | G76: 010-4714-8294 | H76: 세화철강 | I76: 고철(중량) | J76: 18800 | K76: 42520 | L76: =K76-J76 -> 23720 | M76: 23680 | O76: =L76 -> 23720 | P76: 500 | Q76: =P76*O76 -> 11860000 | R76: 출고
A77: 46161 | B77: 포스코_KM_안산 | C77: 현장 | D77: 카고 | E77: 충남80바7815 | H77: 세화철강 | I77: 고철(산소장척) | J77: 14820 | K77: 20920 | L77: =K77-J77 -> 6100 | M77: 6060 | O77: =L77 -> 6100 | P77: 470 | Q77: =P77*O77 -> 2867000 | R77: 출고
A78: 46161 | B78: 동우PL1린텍_크로스_평택 | C78: 현장 | D78: 집게차 | E78: 87주8410 | F78: 배민국 | G78: 010-9110-0126 | H78: 세화철강 | I78: 고철(경량) | J78: 14010 | K78: 17900 | L78: =K78-J78 -> 3890 | M78: 3890 | O78: =L78 -> 3890 | P78: 465 | Q78: =P78*O78 -> 1808850 | R78: 출고 | S78: 세화 계근 중량 입력
A79: 46161 | B79: 동우PL1린텍_크로스_평택 | C79: 현장 | D79: 집게차 | E79: 87주8410 | F79: 배민국 | G79: 010-9110-0126 | H79: 세화철강 | I79: 고철(철근) | J79: 17900 | K79: 21120 | L79: =K79-J79 -> 3220 | M79: 3220 | O79: =L79 -> 3220 | P79: 465 | Q79: =P79*O79 -> 1497300 | R79: 출고 | S79: 세화 계근 중량 입력
A80: 46162 | B80: 동우PL1린텍_크로스_평택 | C80: 현장 | D80: 집게차 | E80: 87주8410 | F80: 배민국 | G80: 010-9110-0126 | H80: 세화철강 | I80: 고철(빔장척) | J80: 14090 | K80: 20150 | L80: =K80-J80 -> 6060 | M80: 5600 | O80: 5600 | P80: 500 | Q80: =P80*O80 -> 2800000 | R80: 출고 | T80: 5/21 입금
A81: 46162 | B81: 동우PL1린텍_크로스_평택 | C81: 현장 | D81: 집게차 | E81: 87주8410 | F81: 배민국 | G81: 010-9110-0126 | H81: 세화철강 | I81: 고철(경A) | M81: 410 | O81: 410 | P81: 465 | Q81: =P81*O81 -> 190650
A82: 46162 | B82: 포스코_KM_안산 | C82: 현장 | D82: 방통차 | E82: 서울82바4890 | H82: 세화철강 | I82: 고철(중량) | J82: 18520 | K82: 43540 | L82: =K82-J82 -> 25020 | O82: =L82 -> 25020 | P82: 500 | Q82: =P82*O82 -> 12510000 | R82: 출고
A83: 46162 | B83: 포스코_KM_안산 | C83: 현장 | D83: 방통차 | E83: 인천80자1912 | F83: 곽노하 | G83: 010-5315-3802 | H83: 세화철강 | I83: 고철(중량장척) | J83: 18400 | K83: 41460 | L83: =K83-J83 -> 23060 | O83: =L83 -> 23060 | P83: 480 | Q83: =P83*O83 -> 11068800 | R83: 출고
A84: 46162 | B84: 포스코_KM_안산 | C84: 현장 | D84: 방통차 | E84: 충북91아2060 | H84: 세화철강 | I84: 고철(중량장척) | J84: 18100 | K84: 43180 | L84: =K84-J84 -> 25080 | O84: =L84 -> 25080 | P84: 480 | Q84: =P84*O84 -> 12038400 | R84: 출고
A85: 46163 | B85: 포스코_KM_안산 | C85: 원방 | D85: 집게차 | E85: 87주8410 | F85: 배민국 | G85: 010-9110-0126 | H85: 세화철강 | I85: 고철(중량장척) | J85: 14590 | K85: 27080 | L85: =K85-J85 -> 12490 | M85: 12400 | O85: =L85 -> 12490 | P85: 480 | Q85: =P85*O85 -> 5995200 | R85: 출고 | S85: 1차중량에 자석 300kg 증량 | T85: 5/22 입금
A86: 46163 | B86: 포스코_KM_안산 | C86: 원방 | D86: 집게차 | E86: 87주8410 | F86: 배민국 | G86: 010-9110-0126 | H86: 세화철강 | I86: 고철(중량장척) | J86: 14590 | K86: 25360 | L86: =K86-J86 -> 10770 | M86: 10770 | O86: =M86-N86 -> 10770 | P86: 480 | Q86: =P86*O86 -> 5169600 | R86: 출고 | S86: 벽돌 있었지만 감량x
A87: 46163 | B87: 포스코_KM_안산 | C87: 현장 | D87: 방통차 | E87: 경기96자1089 | F87: 서건식 | G87: 010-9037-6416 | H87: 세화철강 | I87: 작업철 | J87: 18940 | K87: 43480 | L87: =K87-J87 -> 24540 | M87: 24640 | O87: =M87-N87 -> 24640 | P87: 380 | Q87: =P87*O87 -> 9363200 | R87: 출고
A88: 46163 | B88: 포스코_KM_안산 | C88: 현장 | D88: 방통차 | E88: 전북80사5648 | F88: 이윤희 | G88: 010-8770-9101 | H88: 세화철강 | I88: 작업철 | J88: 19340 | K88: 42260 | L88: =K88-J88 -> 22920 | M88: 23530 | O88: =M88-N88 -> 23530 | P88: 380 | Q88: =P88*O88 -> 8941400 | R88: 출고
A89: 46164 | B89: 포스코_KM_안산 | C89: 원방 | D89: 1톤트럭 | E89: 81구6225 | F89: 김태정 | G89: 010-3311-8084 | H89: 세화철강 | I89: 고철(중철C) | J89: 2140 | K89: 3590 | L89: =K89-J89 -> 1450 | M89: 1440 | O89: =L89 -> 1450 | P89: 150 | Q89: =P89*O89 -> 217500 | R89: 출고 | S89: 자루 2개 | T89: 5/26 입금
A90: 46164 | B90: 듀폰 천안공장 | C90: 현장 | D90: 집게차 | E90: 87주8410 | F90: 배민국 | G90: 010-9110-0126 | H90: 세화철강 | I90: 고철(중량) | J90: 16830 | K90: 19250 | L90: =K90-J90 -> 2420 | M90: 2420 | O90: =L90 -> 2420 | P90: 480 | Q90: =P90*O90 -> 1161600 | R90: 출고 | S90: 세화 계근으로 정산
A91: 46164 | B91: 듀폰 천안공장 | C91: 현장 | D91: 집게차 | E91: 87주8410 | F91: 배민국 | G91: 010-9110-0126 | H91: 세화철강 | I91: 고철(경A) | J91: 14010 | K91: 16830 | L91: =K91-J91 -> 2820 | M91: 2820 | O91: =L91 -> 2820 | P91: 465 | Q91: =P91*O91 -> 1311300 | R91: 출고 | S91: 세화 계근으로 정산
A92: 46164 | B92: LT메탈 남동공장 | C92: 원방 | D92: 집게차 | E92: 87주8410 | F92: 배민국 | G92: 010-9110-0126 | H92: 세화철강 | I92: 고철(경A) | J92: 14110 | K92: 16590 | L92: =K92-J92 -> 2480 | M92: 2480 | O92: =L92 -> 2480 | P92: 465 | Q92: =P92*O92 -> 1153200 | R92: 출고 | S92: 계근량 동일하여 세화계근으로 입력
A93: 46164 | B93: 포스코_KM_안산 | C93: 현장 | D93: 방통차 | E93: 인천80자1917 | F93: 심충우 | G93: 010-2801-5063 | H93: 세화철강 | I93: 고철(중량장척) | J93: 18420 | K93: 42920 | L93: =K93-J93 -> 24500 | M93: 24320 | O93: =L93 -> 24500 | P93: 480 | Q93: =P93*O93 -> 11760000 | R93: 출고
A94: 46164 | B94: 포스코_KM_안산 | C94: 현장 | D94: 방통차 | E94: 경기96자1089 | F94: 서건식 | G94: 010-9037-6416 | H94: 세화철강 | I94: 고철(중량장척) | J94: 18960 | K94: 43460 | L94: =K94-J94 -> 24500 | M94: 24390 | N94: 300 | O94: =L94-N94 -> 24200 | P94: 480 | Q94: =P94*O94 -> 11616000 | R94: 출고
A95: 46167 | B95: 포스코_KM_안산 | C95: 원방 | D95: 집게차 | E95: 84나4888 | F95: 김현수 | G95: 010-5315-1508 | H95: 세화철강 | I95: 고철(중AL) | J95: 21470 | K95: 36550 | L95: =K95-J95 -> 15080 | M95: 15120 | O95: 15080 | P95: 480 | Q95: =P95*O95 -> 7238400 | R95: 출고 | S95: 동우 일부 섞임.
A96: 46168 | B96: LT메탈 남동공장 | C96: 원방 | D96: 집게차 | E96: 84나4888 | F96: 김현수 | G96: 010-5315-1508 | H96: 세화철강 | I96: 고철(중량장척) | J96: 21340 | K96: 28340 | L96: 6300 | M96: 6300 | O96: 6300 | P96: 480 | Q96: =P96*O96 -> 3024000 | R96: 출고 | S96: 동우 혼합 반출량 차감 | T96: 5/27 입금
A97: 46168 | B97: 동우PL1린텍_크로스_평택 | C97: 원방 | D97: 집게차 | E97: 84나4888 | F97: 김현수 | G97: 010-5315-1508 | H97: 세화철강 | I97: 고철(중량장척) | L97: 700 | M97: 690 | O97: 700 | P97: 480 | Q97: =P97*O97 -> 336000
A98: 46168 | B98: 동우PL1린텍_크로스_평택 | C98: 원방 | D98: 집게차 | E98: 84나4888 | F98: 김현수 | G98: 010-5315-1508 | H98: 세화철강 | I98: 고철(중량) | J98: 21290 | K98: 38460 | L98: 15400 | M98: 15400 | O98: 15400 | P98: 500 | Q98: =P98*O98 -> 7700000 | R98: 출고 | S98: 안산10%정도 혼합량 차감
A99: 46168 | B99: 포스코_KM_안산 | C99: 원방 | D99: 집게차 | E99: 84나4888 | F99: 김현수 | G99: 010-5315-1508 | H99: 세화철강 | I99: 고철(중량) | L99: 1770 | M99: 1590 | O99: 1770 | P99: 500 | Q99: =P99*O99 -> 885000
A100: 46169 | B100: 포스코_KM_안산 | C100: 원방 | D100: 집게차 | E100: 충남80아4034 | F100: 김현수 | G100: 010-5315-1508 | H100: 세화철강 | I100: 고철(산소장척) | J100: 12270 | K100: 32620 | L100: =K100-J100 -> 20350 | M100: 20210 | O100: 20350 | P100: 460 | Q100: =P100*O100 -> 9361000 | R100: 출고 | S100: 탱크 2개 | T100: 5/28 입금
A101: 46170 | B101: 포스코_KM_안산 | C101: 원방 | D101: 집게차 | E101: 84나4888 | F101: 김현수 | G101: 010-5315-1508 | H101: 세화철강 | I101: 고철(중량) | J101: 21290 | K101: 48330 | L101: =K101-J101 -> 27040 | M101: 26590 | O101: =L101 -> 27040 | P101: 500 | Q101: =P101*O101 -> 13520000 | R101: 출고 | T101: 5/29 입금
...

Sheet 선진알앤디
A2: 계량일 | B2: 프로젝트명 | C2: 상차지 | D2: 차종 | E2: 차량번호 | F2: 운전자 | G2: 연락처 | H2: 거래처명 | I2: 제품명 | J2: 공차중량(kg) | K2: 총중량(kg) | L2: 실중량(kg) | M2: 거래처 감량 전 실중량(kg) | N2: 감량(kg) | O2: 정산 중량(kg) | P2: 단가(원) | Q2: 금액(원) | R2: 구분 | S2: 비고 | T2: 입금일
A3: 46146 | B3: 포스코_KM_안산 | C3: 포스코_KM_안산 | D3: 집게차 | E3: 87주8410 | F3: 배민국 | G3: 010-9110-0126 | H3: 선진알앤디 | I3: 고철(경B) | J3: 14080 | K3: 17880 | L3: =K3-J3 -> 3800 | M3: 3800 | O3: =M3 -> 3800 | P3: 410 | Q3: =P3*O3 -> 1558000 | R3: 출고 | S3: 원방에서 계근 후 직납 | T3: 5/6 입금
A4: 46146 | B4: 포스코_KM_안산 | C4: 원방 | D4: 집게차 | E4: 87주8410 | F4: 배민국 | G4: 010-9110-0126 | H4: 선진알앤디 | I4: 고철(경량) | J4: 14060 | K4: 18010 | L4: =K4-J4 -> 3950 | M4: 3910 | O4: =M4 -> 3910 | P4: 410 | Q4: =P4*O4 -> 1603100 | R4: 출고
A5: 46146 | B5: 포스코_KM_안산 | C5: 원방 | D5: 집게차 | E5: 87주8410 | F5: 배민국 | G5: 010-9110-0126 | H5: 선진알앤디 | I5: 고철(경량) | J5: 14090 | K5: 17180 | L5: =K5-J5 -> 3090 | M5: 3130 | O5: =M5 -> 3130 | P5: 410 | Q5: =P5*O5 -> 1283300 | R5: 출고
A6: 46146 | B6: 포스코_KM_안산 | C6: 원방 | D6: 집게차 | E6: 87주8410 | F6: 배민국 | G6: 010-9110-0126 | H6: 선진알앤디 | I6: 고철(경량) | J6: 14020 | K6: 17780 | L6: =K6-J6 -> 3760 | M6: 3760 | O6: =M6 -> 3760 | P6: 410 | Q6: =P6*O6 -> 1541600 | R6: 출고
A7: 46146 | B7: 포스코_KM_안산 | C7: 원방 | D7: 집게차 | E7: 87주8410 | F7: 배민국 | G7: 010-9110-0126 | H7: 선진알앤디 | I7: 고철(경량) | J7: 14030 | K7: 17650 | L7: =K7-J7 -> 3620 | M7: 3620 | O7: =M7 -> 3620 | P7: 410 | Q7: =P7*O7 -> 1484200 | R7: 출고
A8: 46146 | B8: 서울 상계동 | C8: 원방 | D8: 집게차 | E8: 87주8410 | F8: 배민국 | G8: 010-9110-0126 | H8: 선진알앤디 | I8: 고철(경량) | J8: 14040 | K8: 16920 | L8: =K8-J8 -> 2880 | M8: 3040 | O8: =M8 -> 3040 | P8: 410 | Q8: =P8*O8 -> 1246400 | R8: 출고
A9: 46146 | B9: 서울 잠실동 | C9: 원방 | D9: 집게차 | E9: 87주8410 | F9: 배민국 | G9: 010-9110-0126 | H9: 선진알앤디 | I9: 고철(철근) | J9: 16920 | K9: 19640 | L9: =K9-J9 -> 2720 | M9: 2590 | O9: =M9 -> 2590 | P9: 420 | Q9: =P9*O9 -> 1087800
A10: 46150 | B10: 포스코_KM_안산 | C10: 원방 | D10: 집게차 | E10: 87주8410 | F10: 배민국 | G10: 010-9110-0126 | H10: 선진알앤디 | I10: 고철(경A) | J10: 15150 | K10: 18380 | L10: 3230 | M10: 3460 | O10: 3460 | P10: 420 | Q10: =P10*O10 -> 1453200 | R10: 출고 | S10: 5/8 분류계근 건 입력, 5/9 출고 | T10: 5/12 입금
A11: 46150 | B11: 서울 상계동 | C11: 원방 | D11: 집게차 | E11: 87주8410 | F11: 배민국 | G11: 010-9110-0126 | H11: 선진알앤디 | I11: 고철(경A) | J11: 14060 | K11: 15150 | L11: 1090 | M11: 1090 | O11: 1090 | P11: 420 | Q11: =P11*O11 -> 457800 | S11: 5/8 분류계근 건 입력, 5/9 출고
A12: 46151 | B12: 포스코_KM_안산 | C12: 원방 | D12: 집게차 | E12: 87주8410 | F12: 배민국 | G12: 010-9110-0126 | H12: 선진알앤디 | I12: 고철(경A) | J12: 14160 | K12: 16830 | L12: =K12-J12 -> 2670 | M12: 3000 | O12: =M12 -> 3000 | P12: 420 | Q12: =P12*O12 -> 1260000 | R12: 출고 | S12: 5/7부 10원 인상
A13: 46151 | B13: 포스코_KM_안산 | C13: 원방 | D13: 집게차 | E13: 87주8410 | F13: 배민국 | G13: 010-9110-0126 | H13: 선진알앤디 | I13: 고철(경A) | J13: 14090 | K13: 17700 | L13: =K13-J13 -> 3610 | M13: 3600 | O13: =M13 -> 3600 | P13: 420 | Q13: =P13*O13 -> 1512000
A14: 46151 | B14: 현대제철_대도_당진 | C14: 원방 | D14: 집게차 | E14: 96거5789 | F14: 배민국 | G14: 010-9110-0126 | H14: 선진알앤디 | I14: 고철(경B) | J14: 14050 | K14: 15750 | L14: =K14-J14 -> 1700 | M14: 1720 | O14: =M14 -> 1720 | P14: 410 | Q14: =P14*O14 -> 705200
A15: 46164 | B15: 포스코_KM_안산 | C15: 원방 | D15: 집게차 | E15: 87주8410 | F15: 배민국 | G15: 010-9110-0126 | H15: 선진알앤디 | I15: 고철(경A) | J15: 14090 | K15: 19390 | L15: =K15-J15 -> 5300 | M15: 5280 | O15: =M15 -> 5280 | P15: 460 | Q15: =P15*O15 -> 2428800 | R15: 출고 | S15: 현장 혼합, 5/12 부 전품목 15원 인상 후 추가 인상 | T15: 5/26 입금
A16: 46167 | B16: 동우PL1린텍_크로스_평택 | C16: 원방 | D16: 집게차 | E16: 96거5789 | F16: 김현수 | G16: 010-5315-1508 | H16: 선진알앤디 | I16: 고철(경A) | J16: 13490 | K16: 18960 | L16: =K16-J16 -> 5470 | M16: 5450 | O16: =M16 -> 5450 | P16: 460 | Q16: =P16*O16 -> 2507000 | R16: 출고 | T16: 5/27 입금
A17: 46168 | B17: 동우PL1린텍_크로스_평택 | C17: 원방 | D17: 집게차 | E17: 96거5789 | F17: 배민국 | G17: 010-9110-0126 | H17: 선진알앤디 | I17: 고철(경A) | J17: 13600 | K17: 15240 | L17: =K17-J17 -> 1640 | M17: 1610 | O17: =M17 -> 1610 | P17: 460 | Q17: =P17*O17 -> 740600 | R17: 출고 | S17: 일부 동우 반출물 섞임. | T17: 5/27 입금
A18: 46168 | H18: 선진알앤디 | I18: 파이프 | N18: 40 | P18: -550 | Q18: =N18*P18 -> -22000 | R18: 구매 | S18: 5/8 파이프 구매
A19: 46168 | H19: 선진알앤디 | I19: 드럼 | N19: 5 | P19: -10000 | Q19: =N19*P19 -> -50000 | R19: 구매 | S19: 5/15 드럼 5개 구매
A20: 46171 | B20: 현대제철_대도_당진 | C20: 원방 | D20: 집게차 | E20: 87주8410 | F20: 배민국 | G20: 010-9110-0126 | H20: 선진알앤디 | I20: 고철(경A+B) | L20: 1100 | M20: 1100 | O20: =M20 -> 1100 | P20: 460 | Q20: =P20*O20 -> 506000 | R20: 출고 | S20: 5/28 입고분 | T20: 6/1 입금
A21: 46171 | B21: 포스코_KM_안산 | C21: 원방 | D21: 집게차 | E21: 87주8410 | F21: 배민국 | G21: 010-9110-0126 | H21: 선진알앤디 | I21: 고철(경A+B) | J21: 14370 | K21: 21460 | L21: =K21-J21-1100 -> 5990 | M21: 5990 | O21: =M21 -> 5990 | P21: 460 | Q21: =P21*O21 -> 2755400 | S21: 당진 1,100kg 차감
A22: 46171 | B22: 현대제철_대도_당진 | C22: 현장 | D22: 집게차 | E22: 87주8410 | H22: 선진알앤디 | I22: 고철(경A+B) | J22: 15020 | K22: 17950 | L22: =K22-J22 -> 2930 | M22: 2880 | O22: 2930 | P22: 460 | Q22: =P22*O22 -> 1347800 | R22: 출고 | S22: 당진 원방에서 계근 후 직납
A23: 46174 | B23: 현대제철_대도_당진 | C23: 현장 | D23: 집게차 | E23: 84나4888 | F23: 김현수 | G23: 010-5315-1508 | H23: 선진알앤디 | I23: 고철(경B) | J23: 21220 | K23: 24620 | L23: =K23-J23 -> 3400 | O23: =L23 -> 3400 | P23: 450 | Q23: =P23*O23 -> 1530000 | R23: 출고 | S23: 명일 하차 | T23: 6/4 입금
A24: 46177 | B24: 현대제철_대도_당진 | C24: 현장 | D24: 집게차 | E24: 84나4888 | F24: 이민수 | G24: 010-8282-5885 | H24: 선진알앤디 | I24: 고철(경A) | J24: 21100 | K24: 26580 | L24: =K24-J24-240 -> 5240 | M24: 5240 | O24: =L24 -> 5240 | P24: 460 | Q24: =P24*O24 -> 2410400 | R24: 출고 | S24: 비철 240kg 원방 하차 후 출고 | T24: 6/5 입금
A25: 46186 | B25: 삼성전자_이텍솔루션_안성 | C25: 원방 | D25: 집게차 | E25: 87주8410 | F25: 배민국 | G25: 010-9110-0126 | H25: 선진알앤디 | I25: 고철(경A) | J25: 14410 | K25: 19710 | L25: =K25-J25 -> 5300 | M25: 5210 | O25: 5210 | P25: 490 | Q25: =P25*O25 -> 2552900 | R25: 출고 | T25: 6/15 입금
A26: 46186 | B26: 현대제철_대도_당진 | C26: 원방 | D26: 집게차 | E26: 87주8410 | F26: 배민국 | G26: 010-9110-0126 | H26: 선진알앤디 | I26: 고철(경A) | J26: 14450 | K26: 15650 | L26: =K26-J26 -> 1200 | M26: 1200 | O26: =L26 -> 1200 | P26: 490 | Q26: =P26*O26 -> 588000 | R26: 출고 | S26: 6/13 당진 반출물 출고
A27: 46186 | B27: 포스코_KM_안산 | C27: 원방 | D27: 집게차 | E27: 87주8410 | F27: 배민국 | G27: 010-9110-0126 | H27: 선진알앤디 | I27: 고철(경A) | J27: 15650 | K27: 18290 | L27: =K27-J27 -> 2640 | M27: 2620 | O27: 2620 | P27: 490 | Q27: =P27*O27 -> 1283800 | R27: 출고 | S27: 당진현장과 혼합 출고
A28: 46195 | B28: 삼성전자_이텍솔루션_안성 | C28: 원방 | D28: 집게차 | E28: 87주8410 | F28: 배민국 | G28: 010-9110-0126 | H28: 선진알앤디 | I28: 고철(경A) | J28: 14440 | K28: 20850 | L28: =K28-J28 -> 6410 | M28: 6440 | O28: 6440 | P28: 490 | Q28: =O28*P28 -> 3155600 | R28: 출고 | T28: 6/23 입금
A29: 46195 | B29: 삼성전자_이텍솔루션_안성 | C29: 원방 | D29: 집게차 | E29: 96거5789 | H29: 선진알앤디 | I29: 고철(경B) | J29: 13890 | K29: 22920 | L29: =K29-J29 -> 9030 | M29: 8970 | O29: =M29 -> 8970 | P29: 470 | Q29: =P29*O29 -> 4215900 | R29: 출고
A30: 46202 | B30: 삼성전자_이텍솔루션_안성 | C30: 원방 | D30: 집게차 | E30: 87주8410 | F30: 김현수 | G30: 010-5315-1508 | H30: 선진알앤디 | I30: 고철(경A+B) | J30: 14080 | K30: 19900 | L30: =K30-J30 -> 5820 | M30: 5750 | O30: =M30 -> 5750 | P30: 490 | Q30: =P30*O30 -> 2817500 | R30: 출고 | S30: 경A 단가로 정산 | T30: 6/30 입금
A31: 46202 | B31: 삼성전자_이텍솔루션_안성 | C31: 원방 | D31: 집게차 | E31: 87주8410 | F31: 김현수 | G31: 010-5315-1508 | H31: 선진알앤디 | I31: 고철(경A+B) | J31: 14440 | K31: 19780 | L31: =K31-J31 -> 5340 | M31: 5290 | O31: =M31 -> 5290 | P31: 490 | Q31: =P31*O31 -> 2592100 | R31: 출고 | S31: 경A 단가로 정산
S32: 6/25 삼성_대도_온양 4,250kg 분류
L33: =SUBTOTAL(9,L3:L32) -> 102930 | Q33: =SUBTOTAL(9,Q3:Q32) -> 46552400

Sheet 기타
A2: 계량일 | B2: 프로젝트명 | C2: 상차지 | D2: 차종 | E2: 차량번호 | F2: 운전자 | G2: 연락처 | H2: 거래처명 | I2: 제품명 | J2: 공차중량(kg) | K2: 총중량(kg) | L2: 실중량(kg) | M2: 거래처 감량 전 실중량(kg) | N2: 감량(kg) | O2: 정산 중량(kg) | P2: 단가(원) | Q2: 금액(원) | R2: 구분 | S2: 비고 | T2: 입금일
A3: 46155 | B3: 포스코_KM_안산 | C3: 정민산업 | D3: 카고 | E3: 경기80바7139 | H3: 정민산업 | I3: 탱크 | J3: 7930 | K3: 14670 | L3: -6740 | O3: -6740 | Q3: -1250000 | R3: 반납
A4: 46161 | B4: 포스코_KM_안산 | C4: 현장 | D4: 1톤트럭 | E4: 93버4384 | H4: 한강그린 | I4: 변압기 | J4: 3940 | K4: 8000 | L4: =K4-J4 -> 4060 | O4: =L4 -> 4060 | P4: 1063.9135 | Q4: =O4*P4 -> 4319488.8 | R4: 출고 | S4: 개수 정산, 통 계산 | T4: 5/19 발행,추후 입금
A5: 46161 | B5: 포스코_KM_안산 | C5: 현장 | D5: 카고 | E5: 인천86아6863 | H5: 한강그린 | I5: 변압기 | J5: 15660 | K5: 37620 | L5: =K5-J5 -> 21960 | O5: =L5 -> 21960 | P5: 1063.9135 | Q5: =O5*P5 -> 23363540 | R5: 출고 | S5: 개수 정산, 통 계산 | T5: 5/19 발행,추후 입금
A6: 46161 | B6: 포스코_KM_안산 | C6: 현장 | D6: 카고 | E6: 86가7213 | H6: 한강그린 | I6: 변압기 | J6: 7440 | K6: 19360 | L6: =K6-J6 -> 11920 | O6: =L6 -> 11920 | P6: 1063.9135 | Q6: =O6*P6 -> 12681849 | R6: 출고 | S6: 개수 정산, 통 계산 | T6: 5/19 발행,추후 입금
A7: 46161 | B7: 포스코_KM_안산 | C7: 현장 | D7: 1톤트럭 | E7: 806거1970 | H7: 한강그린 | I7: 변압기 | J7: 4360 | K7: 8920 | L7: =K7-J7 -> 4560 | O7: =L7 -> 4560 | P7: 1063.9135 | Q7: =O7*P7 -> 4851445.6 | R7: 출고 | S7: 개수 정산, 통 계산 | T7: 5/19 발행,추후 입금
A8: 46161 | B8: 포스코_KM_안산 | C8: 현장 | D8: 1톤트럭 | E8: 81부6706 | H8: 한강그린 | I8: 변압기 | J8: 2180 | K8: 3800 | L8: =K8-J8 -> 1620 | O8: =L8 -> 1620 | P8: 1063.9135 | Q8: =O8*P8 -> 1723539.9 | R8: 출고 | S8: 개수 정산, 통 계산 | T8: 5/19 발행,추후 입금
A9: 46163 | B9: 포스코_KM_안산 | C9: 현장 | D9: 1톤트럭 | E9: 81부6706 | H9: 한강그린 | I9: 변압기 | J9: 2180 | K9: 4440 | L9: =K9-J9 -> 2260 | O9: =L9 -> 2260 | P9: 1063.9135 | Q9: =O9*P9 -> 2404444.5 | R9: 출고 | S9: 개수 정산, 통 계산 | T9: 5/19 발행,추후 입금
A10: 46163 | B10: 포스코_KM_안산 | C10: 현장 | D10: 카고 | E10: 806거1970 | H10: 한강그린 | I10: 변압기 | J10: 4260 | K10: 9820 | L10: =K10-J10 -> 5560 | O10: =L10 -> 5560 | P10: 1063.9135 | Q10: =O10*P10 -> 5915359.1 | R10: 출고 | S10: 개수 정산, 통 계산 | T10: 5/19 발행,추후 입금
A11: 46163 | B11: 포스코_KM_안산 | C11: 현장 | D11: 카고 | E11: 93버4384 | H11: 한강그린 | I11: 변압기 | J11: 3960 | K11: 8440 | L11: =K11-J11 -> 4480 | O11: =L11 -> 4480 | P11: 1063.9135 | Q11: =O11*P11 -> 4766332.5 | R11: 출고 | S11: 개수 정산, 통 계산 | T11: 5/19 발행,추후 입금
A12: 46168 | B12: 혼합 | C12: 원방 | D12: 카고 | E12: 경기82바8403 | F12: 주호중 | G12: 010-5482-1235 | H12: 전진유압상사 | I12: 유압유 | J12: 3960 | K12: 6010 | L12: =K12-J12 -> 2050 | O12: =L12 -> 2050 | Q12: 200000 | R12: 출고 | S12: 드럼통 11개 | T12: 6/2 입금
A13: 46172 | B13: 포스코_KM_안산 | C13: 원방 | D13: 카고 | E13: 충남80아4194 | F13: 이근학 | G13: 010-3198-8472 | H13: 공주 단지리 74-1 | I13: 탱크 | J13: 9710 | K13: 13610 | L13: =K13-J13 -> 3900 | O13: =L13 -> 3900 | P13: 0 | Q13: =O13*P13 -> 0 | R13: 출고 | S13: 무상
A14: 46172 | B14: 포스코_KM_안산 | C14: 원방 | D14: 카고 | E14: 충남83아1305 | F14: 조상갑 | G14: 010-5408-0449 | H14: 공주 단지리 74-1 | I14: 탱크 | J14: 9360 | K14: 13250 | L14: =K14-J14 -> 3890 | O14: =L14 -> 3890 | P14: 0 | Q14: =O14*P14 -> 0 | R14: 출고 | S14: 무상
A15: 46174 | B15: 포스코_KM_안산 | C15: 원방 | D15: 집게차 | E15: 82서3367 | H15: 오성금속 | I15: A동 | J15: 13390 | K15: 15740 | L15: =K15-J15 -> 2350 | O15: =L15 -> 2350 | P15: 19950 | Q15: =O15*P15 -> 46882500 | R15: 출고 | S15: 6/1기준 단가 | T15: 6/1 입금
A16: 46183 | B16: 삼성전자_이텍솔루션_안성 | C16: 원방 | D16: 레이 | E16: 196모1540 | H16: 이텍솔루션 | I16: 설비부품 | J16: 1150 | K16: 1210 | L16: =K16-J16 -> 60 | O16: =L16 -> 60 | Q16: =O16*P16 -> 0 | R16: 출고 | S16: 현장 계약 금액에 차감되어 구매
A17: 46183 | B17: 크로스 창고 | C17: 크로스 | D17: 1톤트럭 | E17: 84러0698 | F17: 김성호 | G17: 010-5495-4460 | H17: 제일특수 | I17: 대차 | J17: 1960 | K17: 3130 | L17: =K17-J17 -> 1170 | O17: =L17 -> 1170 | P17: 1500 | Q17: =O17*P17 -> 1755000 | R17: 출고 | T17: 6/18 입금
A18: 46196 | B18: 혼합 | C18: 원방 | D18: 카고 | E18: 81러3615 | F18: 이원영 | G18: 010-9992-4447 | H18: 에스아이케미칼 | I18: PP파렛트 | J18: 8030 | K18: 9110 | L18: =K18-J18 -> 1080 | O18: =L18 -> 1080 | P18: 230 | Q18: =O18*P18 -> 248400 | R18: 출고 | T18: 6/26 입금
L20: =SUBTOTAL(9,L3:L19) -> 64180 | Q20: =SUBTOTAL(9,Q3:Q19) -> 1.078619e+08

Sheet 폐기물출고량
B1: 거래처별 출고 현황 (2025.10.10 ~ )
Q3: =SUBTOTAL(9,Q5:Q181) -> 677920 | T3: =SUBTOTAL(9,T5:T181) -> 684350 | U3: =SUBTOTAL(9,U5:U181) -> 1619 | W3: =SUBTOTAL(9,W5:W181) -> -105952225
A4: NO. | B4: 상차일 | C4: 인계일 | D4: 올바로 | E4: 프로젝트명 | F4: 배출자 | G4: 운반자 | H4: 상차지 | I4: 차종 | J4: 차량번호 | K4: 운전자 | L4: 연락처 | M4: 처리자 | N4: 제품명 | O4: 공차중량(kg) | P4: 총중량(kg) | Q4: 실중량(kg) | R4: 거래처 감량 전 실중량(kg) | S4: 계근차 | T4: 정산 중량(kg) | U4: 루베 적용 | V4: 단가(원) | W4: 금액(원) | X4: 구분 | Y4: 비고 | Z4: 자회사 출고
A5: =ROW()-4 -> 1 | B5: 46146 | C5: 46146 | D5: O | E5: 포스코_KM_안산 | F5: 케이엠티엘에스 | G5: 원방 | H5: 현장 | I5: 암롤트럭 | J5: 86노1445 | K5: 김태정 | L5: 010-3311-8084 | M5: 투플러스 | N5: 폐판넬 | O5: 21020 | P5: 24620 | Q5: =P5-O5 -> 3600 | R5: 4410 | S5: =R5-Q5 -> 810 | T5: 4410 | U5: 50 | V5: 50000 | W5: =-표4[[#This Row],[단가(원)]]*표4[[#This Row],[루베 적용]] -> -2500000 | X5: 출고
A6: =ROW()-4 -> 2 | B6: 46146 | C6: 46147 | D6: O | E6: 포스코_KM_안산 | F6: 케이엠티엘에스 | G6: 원방 | H6: 현장 | I6: 암롤트럭 | J6: 86노1445 | K6: 김태정 | L6: 010-3311-8084 | M6: 투플러스 | N6: 폐판넬 | O6: 20100 | P6: 25540 | Q6: =P6-O6 -> 5440 | R6: 4690 | S6: =R6-Q6 -> -750 | T6: 4690 | U6: 50 | V6: 50000 | W6: =-표4[[#This Row],[단가(원)]]*표4[[#This Row],[루베 적용]] -> -2500000 | X6: 출고 | Y6: 5/4상차 명일 하차
A7: =ROW()-4 -> 3 | B7: 46148 | C7: 46148 | D7: O | E7: 포스코_KM_안산 | F7: 케이엠티엘에스 | G7: 원방 | H7: 현장 | I7: 암롤트럭 | J7: 86노1445 | K7: 김태정 | L7: 010-3311-8084 | M7: 투플러스 | N7: 폐판넬 | O7: 20140 | P7: 24280 | Q7: =P7-O7 -> 4140 | R7: 4210 | S7: =R7-Q7 -> 70 | T7: 4210 | U7: 50 | V7: 50000 | W7: =-표4[[#This Row],[단가(원)]]*표4[[#This Row],[루베 적용]] -> -2500000 | X7: 출고
A8: =ROW()-4 -> 4 | B8: 46149 | C8: 46149 | D8: O | E8: 포스코_KM_안산 | F8: 케이엠티엘에스 | G8: 원방 | H8: 현장 | I8: 암롤트럭 | J8: 86노1445 | K8: 김태정 | L8: 010-3311-8084 | M8: 도솔환경산업 | N8: 폐콘크리트 | O8: 20940 | P8: 35520 | Q8: =P8-O8 -> 14580 | R8: 14580 | T8: 14580 | U8: 20 | V8: 21875 | W8: =-표4[[#This Row],[단가(원)]]*표4[[#This Row],[루베 적용]] -> -437500 | X8: 출고 | Y8: 내화벽돌
A9: =ROW()-4 -> 5 | B9: 46149 | C9: 46150 | D9: O | E9: 포스코_KM_안산 | F9: 케이엠티엘에스 | G9: 원방 | H9: 현장 | I9: 암롤트럭 | J9: 86노1445 | K9: 김태정 | L9: 010-3311-8084 | M9: 투플러스 | N9: 폐판넬 | O9: 20100 | P9: 24650 | Q9: =P9-O9 -> 4550 | R9: 4550 | T9: 4550 | U9: 50 | V9: 50000 | W9: =-표4[[#This Row],[단가(원)]]*표4[[#This Row],[루베 적용]] -> -2500000 | X9: 출고 | Y9: 명일 5/8 하차
A10: =ROW()-4 -> 6 | B10: 46153 | C10: 46153 | D10: O | E10: 포스코_KM_안산 | F10: 케이엠티엘에스 | G10: 원방 | H10: 현장 | I10: 암롤트럭 | J10: 86노1445 | K10: 이민수 | L10: 010-9992-4447 | M10: 주원(KM) | N10: 폐합성수지 | O10: 20920 | P10: 33270 | Q10: =P10-O10 -> 12350 | R10: 12350 | T10: 12350 | V10: 170 | W10: =-표4[[#This Row],[단가(원)]]*표4[[#This Row],[정산 중량(kg)]] -> -2099500 | X10: 출고 | Y10: 직납, 주원 계근
A11: =ROW()-4 -> 7 | B11: 46154 | C11: 46154 | D11: O | E11: 동우PL1린텍_크로스_평택 | F11: 크로스특수 | H11: 현장 | I11: 암롤트럭 | J11: 86노1445 | K11: 이민수 | L11: 010-9992-4447 | M11: 투플러스 | N11: 페이퍼허니컴판넬 | O11: 20120 | P11: 28340 | Q11: =P11-O11 -> 8220 | R11: 8220 | S11: =R11-Q11 -> 0 | T11: =R11 -> 8220 | U11: 50 | V11: 30000 | W11: =-표4[[#This Row],[단가(원)]]*표4[[#This Row],[루베 적용]] -> -1500000 | X11: 출고 | Y11: 직납, 포스코 계근 8,220kg
A12: =ROW()-4 -> 8 | B12: 46154 | C12: 46154 | D12: O | E12: 동우PL1린텍_크로스_평택 | F12: 크로스특수 | H12: 현장 | I12: 집게차 | J12: 87주8410 | K12: 배민국 | L12: 010-9110-0126 | M12: 투플러스 | N12: 페이퍼허니컴판넬 | O12: 14080 | P12: 19510 | Q12: =P12-O12 -> 5430 | R12: 5430 | S12: =R12-Q12 -> 0 | T12: =R12 -> 5430 | U12: 35 | V12: 30000 | W12: =-표4[[#This Row],[단가(원)]]*표4[[#This Row],[루베 적용]] -> -1050000 | X12: 출고 | Y12: 직납, 포스코 계근 5,420kg
A13: =ROW()-4 -> 9 | B13: 46155 | C13: 46155 | D13: O | E13: 동우PL1린텍_크로스_평택 | F13: 크로스특수 | H13: 현장 | I13: 암롤트럭 | J13: 86노1445 | K13: 이민수 | L13: 010-9992-4447 | M13: 투플러스 | N13: 페이퍼허니컴판넬 | O13: 20160 | P13: 27600 | Q13: =P13-O13 -> 7440 | R13: 7440 | S13: =R13-Q13 -> 0 | T13: =R13 -> 7440 | U13: 50 | V13: 30000 | W13: =-표4[[#This Row],[단가(원)]]*표4[[#This Row],[루베 적용]] -> -1500000 | X13: 출고
A14: =ROW()-4 -> 10 | B14: 46155 | C14: 46155 | D14: O | E14: 동우PL1린텍_크로스_평택 | F14: 크로스특수 | H14: 현장 | I14: 집게차 | J14: 87주8410 | K14: 배민국 | L14: 010-9110-0126 | M14: 투플러스 | N14: 페이퍼허니컴판넬 | O14: 14080 | P14: 18400 | Q14: =P14-O14 -> 4320 | R14: 4320 | S14: =R14-Q14 -> 0 | T14: =R14 -> 4320 | U14: 35 | V14: 30000 | W14: =-표4[[#This Row],[단가(원)]]*표4[[#This Row],[루베 적용]] -> -1050000 | X14: 출고
A15: =ROW()-4 -> 11 | B15: 46156 | C15: 46156 | D15: O | E15: 동우PL1린텍_크로스_평택 | F15: 크로스특수 | H15: 현장 | I15: 암롤트럭 | J15: 86노1445 | K15: 이민수 | L15: 010-9992-4447 | M15: 투플러스 | N15: 페이퍼허니컴판넬 | O15: 20160 | P15: 27440 | Q15: =P15-O15 -> 7280 | R15: 7280 | S15: =R15-Q15 -> 0 | T15: =R15 -> 7280 | U15: 35 | V15: 30000 | W15: =-표4[[#This Row],[단가(원)]]*표4[[#This Row],[루베 적용]] -> -1050000 | X15: 출고
A16: =ROW()-4 -> 12 | B16: 46156 | C16: 46156 | D16: O | E16: 동우PL1린텍_크로스_평택 | F16: 크로스특수 | H16: 현장 | I16: 집게차 | J16: 87주8410 | K16: 배민국 | L16: 010-9110-0126 | M16: 투플러스 | N16: 페이퍼허니컴판넬 | O16: 13990 | P16: 18560 | Q16: =P16-O16 -> 4570 | R16: 4570 | S16: =R16-Q16 -> 0 | T16: =R16 -> 4570 | U16: 50 | V16: 30000 | W16: =-표4[[#This Row],[단가(원)]]*표4[[#This Row],[루베 적용]] -> -1500000 | X16: 출고
A17: =ROW()-4 -> 13 | B17: 46156 | C17: 46157 | D17: O | E17: 동우PL1린텍_크로스_평택 | F17: 크로스특수 | H17: 현장 | I17: 암롤트럭 | J17: 86노1445 | K17: 이민수 | L17: 010-9992-4447 | M17: 투플러스 | N17: 폐판넬 | O17: 20050 | P17: 25280 | Q17: =P17-O17 -> 5230 | R17: 5200 | S17: =R17-Q17 -> -30 | T17: =R17 -> 5200 | W17: -4500000 | X17: 출고
A18: =ROW()-4 -> 14 | B18: 46156 | C18: 46157 | D18: O | E18: 동우PL1린텍_크로스_평택 | F18: 크로스특수 | H18: 현장 | I18: 집게차 | J18: 87주8410 | K18: 배민국 | L18: 010-9110-0126 | M18: 투플러스 | N18: 폐판넬 | O18: 14040 | P18: 16590 | Q18: =P18-O18 -> 2550 | R18: 2550 | S18: =R18-Q18 -> 0 | T18: =R18 -> 2550 | W18: -4000000 | X18: 출고
A19: =ROW()-4 -> 15 | B19: 46157 | C19: 46157 | D19: O | E19: 동우PL1린텍_크로스_평택 | F19: 크로스특수 | H19: 현장 | I19: 암롤트럭 | J19: 86노1445 | K19: 이민수 | L19: 010-9992-4447 | M19: 투플러스 | N19: 폐판넬 | O19: 19980 | P19: 28040 | Q19: =P19-O19 -> 8060 | R19: 7990 | S19: =R19-Q19 -> -70 | T19: 7990 | W19: -4500000 | X19: 출고
A20: =ROW()-4 -> 16 | B20: 46157 | C20: 46157 | D20: O | E20: 동우PL1린텍_크로스_평택 | F20: 크로스특수 | H20: 현장 | I20: 집게차 | J20: 87주8410 | K20: 배민국 | L20: 010-9110-0126 | M20: 투플러스 | N20: 폐판넬 | O20: 13980 | P20: 17380 | Q20: =P20-O20 -> 3400 | R20: 3390 | S20: =R20-Q20 -> -10 | T20: 3790 | W20: -4000000 | X20: 출고
A21: =ROW()-4 -> 17 | B21: 46158 | C21: 46158 | D21: O | E21: 동우PL1린텍_크로스_평택 | F21: 크로스특수 | H21: 현장 | I21: 암롤트럭 | J21: 86노1445 | K21: 이민수 | L21: 010-9992-4447 | M21: 투플러스 | N21: 폐판넬 | O21: 20150 | P21: 24440 | Q21: =P21-O21 -> 4290 | R21: 4270 | S21: =R21-Q21 -> -20 | T21: =표4[[#This Row],[거래처 감량 전 실중량(kg)]] -> 4270 | W21: -4500000 | X21: 출고
A22: =ROW()-4 -> 18 | B22: 46158 | C22: 46158 | D22: O | E22: 동우PL1린텍_크로스_평택 | F22: 크로스특수 | H22: 현장 | I22: 집게차 | J22: 87주8410 | K22: 배민국 | L22: 010-9110-0126 | M22: 투플러스 | N22: 폐판넬 | O22: 14000 | P22: 16620 | Q22: =P22-O22 -> 2620 | R22: 2620 | S22: =R22-Q22 -> 0 | T22: =표4[[#This Row],[거래처 감량 전 실중량(kg)]] -> 2620 | W22: -4000000 | X22: 출고
A23: =ROW()-4 -> 19 | B23: 46160 | C23: 46160 | D23: O | E23: 동우PL1린텍_크로스_평택 | F23: 크로스특수 | H23: 현장 | I23: 암롤트럭 | J23: 86노1445 | K23: 이민수 | L23: 010-9992-4447 | M23: 투플러스 | N23: 폐판넬 | O23: 20050 | P23: 24630 | Q23: =표4[[#This Row],[총중량(kg)]]-표4[[#This Row],[공차중량(kg)]] -> 4580 | R23: 4550 | T23: =표4[[#This Row],[거래처 감량 전 실중량(kg)]] -> 4550 | W23: -4500000 | X23: 출고
A24: =ROW()-4 -> 20 | B24: 46160 | C24: 46160 | D24: O | E24: 동우PL1린텍_크로스_평택 | F24: 크로스특수 | G24: 원방 | H24: 현장 | I24: 암롤트럭 | J24: 86노1445 | K24: 이민수 | L24: 010-9992-4447 | M24: 도솔환경산업 | N24: 폐콘크리트 | O24: 20130 | P24: 44150 | Q24: =표4[[#This Row],[총중량(kg)]]-표4[[#This Row],[공차중량(kg)]] -> 24020 | R24: 24020 | T24: =표4[[#This Row],[거래처 감량 전 실중량(kg)]] -> 24020 | U24: 17 | V24: 22000 | W24: =-표4[[#This Row],[단가(원)]]*표4[[#This Row],[루베 적용]] -> -374000 | X24: 출고 | Y24: 원방 운반
A25: =ROW()-4 -> 21 | B25: 46160 | C25: 46160 | D25: O | E25: 동우PL1린텍_크로스_평택 | F25: 크로스특수 | G25: 도솔환경 | H25: 현장 | I25: 방통차 | J25: 충남06노1592 | K25: 전종식 | M25: 도솔환경산업 | N25: 폐콘크리트 | O25: 14560 | P25: 35960 | Q25: =표4[[#This Row],[총중량(kg)]]-표4[[#This Row],[공차중량(kg)]] -> 21400 | R25: 21400 | T25: =표4[[#This Row],[거래처 감량 전 실중량(kg)]] -> 21400 | U25: 17 | V25: 22000 | W25: =-표4[[#This Row],[단가(원)]]*표4[[#This Row],[루베 적용]] -> -374000 | X25: 출고 | Y25: 크로스 정산
A26: =ROW()-4 -> 22 | B26: 46160 | C26: 46160 | D26: O | E26: 동우PL1린텍_크로스_평택 | F26: 크로스특수 | G26: 도솔환경 | H26: 현장 | I26: 방통차 | J26: 충남06모5639 | K26: 조성환 | M26: 도솔환경산업 | N26: 폐콘크리트 | O26: 14890 | P26: 38690 | Q26: =표4[[#This Row],[총중량(kg)]]-표4[[#This Row],[공차중량(kg)]] -> 23800 | R26: 23800 | T26: =표4[[#This Row],[거래처 감량 전 실중량(kg)]] -> 23800 | U26: 17 | V26: 22000 | W26: =-표4[[#This Row],[단가(원)]]*표4[[#This Row],[루베 적용]] -> -374000 | X26: 출고 | Y26: 크로스 정산
A27: =ROW()-4 -> 23 | B27: 46160 | C27: 46160 | D27: O | E27: 동우PL1린텍_크로스_평택 | F27: 크로스특수 | G27: 도솔환경 | H27: 현장 | I27: 방통차 | J27: 충남06고1626 | K27: 양명석 | M27: 도솔환경산업 | N27: 폐콘크리트 | O27: 14660 | P27: 35460 | Q27: =표4[[#This Row],[총중량(kg)]]-표4[[#This Row],[공차중량(kg)]] -> 20800 | R27: 20800 | T27: =표4[[#This Row],[거래처 감량 전 실중량(kg)]] -> 20800 | U27: 17 | V27: 22000 | W27: =-표4[[#This Row],[단가(원)]]*표4[[#This Row],[루베 적용]] -> -374000 | X27: 출고 | Y27: 크로스 정산
A28: =ROW()-4 -> 24 | B28: 46160 | C28: 46160 | D28: O | E28: 동우PL1린텍_크로스_평택 | F28: 크로스특수 | G28: 도솔환경 | H28: 현장 | I28: 방통차 | J28: 충남06노1598 | K28: 임지환 | M28: 도솔환경산업 | N28: 폐콘크리트 | O28: 15680 | P28: 41940 | Q28: =표4[[#This Row],[총중량(kg)]]-표4[[#This Row],[공차중량(kg)]] -> 26260 | R28: 26260 | T28: =표4[[#This Row],[거래처 감량 전 실중량(kg)]] -> 26260 | U28: 17 | V28: 22000 | W28: =-표4[[#This Row],[단가(원)]]*표4[[#This Row],[루베 적용]] -> -374000 | X28: 출고 | Y28: 크로스 정산
A29: =ROW()-4 -> 25 | B29: 46161 | C29: 46161 | D29: O | E29: 동우PL1린텍_크로스_평택 | F29: 크로스특수 | G29: 도솔환경 | H29: 현장 | I29: 방통차 | J29: 충남06노1592 | K29: 전종식 | M29: 도솔환경산업 | N29: 폐콘크리트 | O29: 14560 | P29: 38290 | Q29: =표4[[#This Row],[총중량(kg)]]-표4[[#This Row],[공차중량(kg)]] -> 23730 | R29: 23730 | T29: =표4[[#This Row],[거래처 감량 전 실중량(kg)]] -> 23730 | U29: 17 | V29: 22000 | W29: =-표4[[#This Row],[단가(원)]]*표4[[#This Row],[루베 적용]] -> -374000 | X29: 출고 | Y29: 크로스 정산
A30: =ROW()-4 -> 26 | B30: 46161 | C30: 46161 | D30: O | E30: 동우PL1린텍_크로스_평택 | F30: 크로스특수 | G30: 도솔환경 | H30: 현장 | I30: 방통차 | J30: 충남06노1598 | K30: 임지환 | M30: 도솔환경산업 | N30: 폐콘크리트 | O30: 15680 | P30: 39530 | Q30: =표4[[#This Row],[총중량(kg)]]-표4[[#This Row],[공차중량(kg)]] -> 23850 | R30: 23850 | T30: =표4[[#This Row],[거래처 감량 전 실중량(kg)]] -> 23850 | U30: 17 | V30: 22000 | W30: =-표4[[#This Row],[단가(원)]]*표4[[#This Row],[루베 적용]] -> -374000 | X30: 출고 | Y30: 크로스 정산
A31: =ROW()-4 -> 27 | B31: 46161 | C31: 46161 | D31: O | E31: 동우PL1린텍_크로스_평택 | F31: 크로스특수 | G31: 도솔환경 | H31: 현장 | I31: 방통차 | J31: 충남06고1626 | K31: 양명석 | M31: 도솔환경산업 | N31: 폐콘크리트 | O31: 14660 | P31: 39390 | Q31: =표4[[#This Row],[총중량(kg)]]-표4[[#This Row],[공차중량(kg)]] -> 24730 | R31: 24730 | T31: =표4[[#This Row],[거래처 감량 전 실중량(kg)]] -> 24730 | U31: 17 | V31: 22000 | W31: =-표4[[#This Row],[단가(원)]]*표4[[#This Row],[루베 적용]] -> -374000 | X31: 출고 | Y31: 크로스 정산
A32: =ROW()-4 -> 28 | B32: 46161 | C32: 46161 | D32: O | E32: 동우PL1린텍_크로스_평택 | F32: 크로스특수 | G32: 도솔환경 | H32: 현장 | I32: 방통차 | J32: 충남06고3191 | K32: 이준호 | M32: 도솔환경산업 | N32: 폐콘크리트 | O32: 14570 | P32: 40120 | Q32: =표4[[#This Row],[총중량(kg)]]-표4[[#This Row],[공차중량(kg)]] -> 25550 | R32: 25550 | T32: =표4[[#This Row],[거래처 감량 전 실중량(kg)]] -> 25550 | U32: 17 | V32: 22000 | W32: =-표4[[#This Row],[단가(원)]]*표4[[#This Row],[루베 적용]] -> -374000 | X32: 출고 | Y32: 크로스 정산
A33: =ROW()-4 -> 29 | B33: 46161 | C33: 46161 | D33: O | E33: 동우PL1린텍_크로스_평택 | F33: 크로스특수 | G33: 도솔환경 | H33: 현장 | I33: 방통차 | J33: 충남06노1592 | K33: 전종식 | M33: 도솔환경산업 | N33: 폐콘크리트 | O33: 14560 | P33: 37840 | Q33: =표4[[#This Row],[총중량(kg)]]-표4[[#This Row],[공차중량(kg)]] -> 23280 | R33: 23280 | T33: =표4[[#This Row],[거래처 감량 전 실중량(kg)]] -> 23280 | U33: 17 | V33: 22000 | W33: =-표4[[#This Row],[단가(원)]]*표4[[#This Row],[루베 적용]] -> -374000 | X33: 출고 | Y33: 크로스 정산
A34: =ROW()-4 -> 30 | B34: 46161 | C34: 46161 | D34: O | E34: 동우PL1린텍_크로스_평택 | F34: 크로스특수 | G34: 도솔환경 | H34: 현장 | I34: 방통차 | J34: 충남06노1598 | K34: 임지환 | M34: 도솔환경산업 | N34: 폐콘크리트 | O34: 15680 | P34: 40420 | Q34: =표4[[#This Row],[총중량(kg)]]-표4[[#This Row],[공차중량(kg)]] -> 24740 | R34: 24740 | T34: =표4[[#This Row],[거래처 감량 전 실중량(kg)]] -> 24740 | U34: 17 | V34: 22000 | W34: =-표4[[#This Row],[단가(원)]]*표4[[#This Row],[루베 적용]] -> -374000 | X34: 출고 | Y34: 크로스 정산
A35: =ROW()-4 -> 31 | B35: 46161 | C35: 46161 | D35: O | E35: 동우PL1린텍_크로스_평택 | F35: 크로스특수 | G35: 도솔환경 | H35: 현장 | I35: 방통차 | J35: 충남06고1626 | K35: 양명석 | M35: 도솔환경산업 | N35: 폐콘크리트 | O35: 14660 | P35: 25890 | Q35: =표4[[#This Row],[총중량(kg)]]-표4[[#This Row],[공차중량(kg)]] -> 11230 | R35: 11230 | T35: =표4[[#This Row],[거래처 감량 전 실중량(kg)]] -> 11230 | U35: 17 | V35: 22000 | W35: =-표4[[#This Row],[단가(원)]]*표4[[#This Row],[루베 적용]] -> -374000 | X35: 출고 | Y35: 크로스 정산
A36: =ROW()-4 -> 32 | B36: 46161 | D36: X | E36: 동우PL1린텍_크로스_평택 | F36: 크로스특수 | G36: 도솔환경 | H36: 현장 | I36: 방통차 | M36: 도솔환경산업 | N36: 폐콘크리트 | U36: 17 | V36: 6600 | W36: =-표4[[#This Row],[단가(원)]]*표4[[#This Row],[루베 적용]] -> -112200 | Y36: 회차 차량
A37: =ROW()-4 -> 33 | B37: 46161 | D37: X | E37: 포스코_KM_안산 | G37: 한강그린 | H37: 현장 | I37: 탱크로리 | J37: 84두0416 | M37: 한강그린 | N37: 절연유 | O37: 15220 | P37: 27820 | Q37: =표4[[#This Row],[총중량(kg)]]-표4[[#This Row],[공차중량(kg)]] -> 12600 | T37: 12600 | V37: 0 | W37: 0 | X37: 출고 | Y37: 무상
A38: =ROW()-4 -> 34 | B38: 46162 | C38: 46162 | D38: O | E38: 포스코_KM_안산 | F38: 원방 | G38: 주원 | H38: 원방 | I38: 암롤트럭 | J38: 경기85사3405 | M38: 주원 | N38: 폐합성수지 | O38: 20930 | P38: 31240 | Q38: =표4[[#This Row],[총중량(kg)]]-표4[[#This Row],[공차중량(kg)]]-3490 -> 6820 | T38: =표4[[#This Row],[실중량(kg)]] -> 6820 | V38: 170 | W38: =-표4[[#This Row],[단가(원)]]*표4[[#This Row],[정산 중량(kg)]] -> -1159400 | X38: 출고 | Y38: 동우 차감한 중량
A39: =ROW()-4 -> 35 | B39: 46162 | C39: 46162 | D39: O | E39: 동우PL1린텍_크로스_평택 | F39: 원방 | H39: 원방 | I39: 암롤트럭 | J39: 경기85사3405 | M39: 주원 | N39: 폐합성수지 | Q39: 3490 | T39: =표4[[#This Row],[실중량(kg)]] -> 3490 | V39: 170 | W39: =-표4[[#This Row],[단가(원)]]*표4[[#This Row],[정산 중량(kg)]] -> -593300 | X39: 출고 | Y39: 5/19 동우 폐기물 입고분
A40: =ROW()-4 -> 36 | B40: 46163 | C40: 46163 | D40: O | E40: 포스코_KM_안산 | F40: 케이엠티엘에스 | G40: 원방 | H40: 현장 | I40: 암롤트럭 | J40: 86노1445 | K40: 김태정 | L40: 010-3311-8084 | M40: 도솔환경산업 | N40: 폐콘크리트 | O40: 20820 | P40: 38840 | Q40: =표4[[#This Row],[총중량(kg)]]-표4[[#This Row],[공차중량(kg)]] -> 18020 | R40: 23980 | T40: =표4[[#This Row],[거래처 감량 전 실중량(kg)]] -> 23980 | U40: 20 | V40: 21875 | W40: =-표4[[#This Row],[단가(원)]]*표4[[#This Row],[루베 적용]] -> -437500 | X40: 출고 | Y40: 올바로 입력 값으로 정산예정
A41: =ROW()-4 -> 37 | B41: 46164 | C41: 46164 | D41: O | E41: 포스코_KM_안산 | F41: 케이엠티엘에스 | G41: 원방 | H41: 현장 | I41: 암롤트럭 | J41: 86노1445 | K41: 이민수 | L41: 010-9992-4447 | M41: 주원(KM) | N41: 폐합성수지 | O41: 20690 | P41: 37660 | Q41: =표4[[#This Row],[총중량(kg)]]-표4[[#This Row],[공차중량(kg)]] -> 16970 | R41: 16970 | T41: =표4[[#This Row],[거래처 감량 전 실중량(kg)]] -> 16970 | V41: 170 | W41: =-표4[[#This Row],[단가(원)]]*표4[[#This Row],[정산 중량(kg)]] -> -2884900 | X41: 출고 | Y41: 주원 계근 정산
A42: =ROW()-4 -> 38 | B42: 46171 | C42: 46171 | D42: X | E42: 기타 현장 | H42: 원방 | I42: 집게차 | J42: 96거5789 | K42: 이민규 | L42: 010-5899-9660 | M42: 비젼월드 | N42: 폐목재 | O42: 13570 | P42: 16400 | Q42: =표4[[#This Row],[총중량(kg)]]-표4[[#This Row],[공차중량(kg)]] -> 2830 | T42: 2830 | V42: 0 | W42: 0 | X42: 출고 | Y42: 무상
A43: =ROW()-4 -> 39 | B43: 46171 | C43: 46171 | D43: O | E43: 포스코_KM_안산 | F43: 케이엠티엘에스 | G43: 도솔환경 | H43: 현장 | I43: 덤프트럭 | J43: 충남06노1598 | M43: 도솔환경산업 | N43: 폐아스콘 | O43: 14560 | P43: 23000 | Q43: =P43-O43 -> 8440 | R43: 8440 | T43: =R43 -> 8440 | U43: 17 | V43: 31250 | W43: =-표4[[#This Row],[단가(원)]]*표4[[#This Row],[루베 적용]] -> -531250 | X43: 출고
A44: =ROW()-4 -> 40 | B44: 46171 | C44: 46171 | D44: O | E44: 포스코_KM_안산 | F44: 케이엠티엘에스 | G44: 도솔환경 | H44: 현장 | I44: 덤프트럭 | J44: 충남06고1626 | M44: 도솔환경산업 | N44: 폐아스콘 | O44: 14660 | P44: 26910 | Q44: =P44-O44 -> 12250 | R44: 12250 | T44: =R44 -> 12250 | U44: 17 | V44: 31250 | W44: =-표4[[#This Row],[단가(원)]]*표4[[#This Row],[루베 적용]] -> -531250 | X44: 출고
A45: =ROW()-4 -> 41 | B45: 46171 | C45: 46171 | D45: O | E45: 포스코_KM_안산 | F45: 케이엠티엘에스 | G45: 도솔환경 | H45: 현장 | I45: 덤프트럭 | J45: 충남06노1592 | M45: 도솔환경산업 | N45: 폐아스콘 | O45: 14560 | P45: 28090 | Q45: =P45-O45 -> 13530 | R45: 13530 | T45: =R45 -> 13530 | U45: 17 | V45: 31250 | W45: =-표4[[#This Row],[단가(원)]]*표4[[#This Row],[루베 적용]] -> -531250 | X45: 출고
B46: 46171 | D46: - | E46: 포스코_KM_안산 | F46: 케이엠티엘에스 | G46: 도솔환경 | H46: 현장 | I46: 덤프트럭 | M46: 도솔환경산업 | U46: 17 | V46: 9375 | W46: =-표4[[#This Row],[단가(원)]]*표4[[#This Row],[루베 적용]] -> -159375 | X46: 차량회차
A47: =ROW()-4 -> 43 | B47: 46178 | C47: 46178 | D47: O | E47: 동우PL1린텍_크로스_평택 | F47: 크로스특수 | H47: 현장 | I47: 암롤트럭 | J47: 86노1445 | K47: 김현수 | L47: 010-5315-1508 | M47: 투플러스 | N47: 페이퍼허니컴판넬 | O47: 20830 | P47: 29180 | Q47: =P47-O47 -> 8350 | R47: 8320 | T47: =R47 -> 8320 | U47: 50 | V47: 30000 | W47: =-표4[[#This Row],[단가(원)]]*표4[[#This Row],[루베 적용]] -> -1500000 | X47: 출고
A48: =ROW()-4 -> 44 | B48: 46178 | C48: 46178 | D48: O | E48: 동우PL1린텍_크로스_평택 | F48: 크로스특수 | H48: 현장 | I48: 암롤트럭 | J48: 84나4888 | K48: 이민규 | L48: 010-5899-9660 | M48: 투플러스 | N48: 페이퍼허니컴판넬 | O48: 21400 | P48: 27030 | Q48: =P48-O48 -> 5630 | R48: 5670 | T48: =R48 -> 5670 | U48: 50 | V48: 30000 | W48: =-표4[[#This Row],[단가(원)]]*표4[[#This Row],[루베 적용]] -> -1500000 | X48: 출고
A49: =ROW()-4 -> 45 | B49: 46182 | C49: 46182 | D49: O | E49: 동우PL1린텍_크로스_평택 | F49: 크로스특수 | H49: 현장 | I49: 암롤트럭 | J49: 86노1445 | M49: 투플러스 | N49: 페이퍼허니컴판넬 | O49: 20100 | P49: 29960 | Q49: =P49-O49 -> 9860 | R49: 9850 | T49: =R49 -> 9850 | U49: 50 | V49: 30000 | W49: =-표4[[#This Row],[단가(원)]]*표4[[#This Row],[루베 적용]] -> -1500000 | X49: 출고
A50: =ROW()-4 -> 46 | B50: 46182 | C50: 46182 | D50: O | E50: 동우PL1린텍_크로스_평택 | F50: 크로스특수 | H50: 현장 | I50: 집게차 | J50: 84나4888 | M50: 투플러스 | N50: 페이퍼허니컴판넬 | O50: 21290 | P50: 25610 | Q50: =P50-O50 -> 4320 | R50: 4350 | T50: =R50 -> 4350 | U50: 50 | V50: 30000 | W50: =-표4[[#This Row],[단가(원)]]*표4[[#This Row],[루베 적용]] -> -1500000 | X50: 출고
A51: =ROW()-4 -> 47 | B51: 46183 | C51: 46183 | D51: O | E51: 동우PL1린텍_크로스_평택 | F51: 크로스특수 | H51: 현장 | I51: 암롤트럭 | J51: 86노1445 | K51: 김현수 | L51: 010-5315-1508 | M51: 투플러스 | N51: 페이퍼허니컴판넬 | O51: 20710 | P51: 29170 | Q51: =P51-O51 -> 8460 | R51: 8450 | T51: =R51 -> 8450 | U51: 50 | V51: 30000 | W51: =-표4[[#This Row],[단가(원)]]*표4[[#This Row],[루베 적용]] -> -1500000 | X51: 출고
A52: =ROW()-4 -> 48 | B52: 46183 | C52: 46183 | D52: O | E52: 동우PL1린텍_크로스_평택 | F52: 크로스특수 | H52: 현장 | I52: 집게차 | J52: 87주8410 | K52: 배민국 | L52: 010-9110-0126 | M52: 투플러스 | N52: 페이퍼허니컴판넬 | O52: 14030 | P52: 18140 | Q52: =P52-O52 -> 4110 | R52: 4100 | T52: =R52 -> 4100 | U52: 35 | V52: 30000 | W52: =-표4[[#This Row],[단가(원)]]*표4[[#This Row],[루베 적용]] -> -1050000 | X52: 출고
A53: =ROW()-4 -> 49 | B53: 46184 | C53: 46184 | D53: O | E53: 혼합 | F53: 원방 | H53: 원방 | I53: 암롤트럭 | J53: 경기85사3817 | M53: 주원 | N53: 폐합성수지 | O53: 21490 | P53: 35130 | Q53: =표4[[#This Row],[총중량(kg)]]-표4[[#This Row],[공차중량(kg)]] -> 13640 | T53: =표4[[#This Row],[실중량(kg)]] -> 13640 | V53: 170 | W53: =-표4[[#This Row],[단가(원)]]*표4[[#This Row],[정산 중량(kg)]] -> -2318800 | X53: 출고
A54: =ROW()-4 -> 50 | B54: 46185 | C54: 46185 | D54: O | E54: 동우PL1린텍_크로스_평택 | F54: 크로스특수 | H54: 현장 | I54: 암롤트럭 | J54: 86노1445 | M54: 투플러스 | N54: 페이퍼허니컴판넬 | O54: 20770 | P54: 30040 | Q54: =표4[[#This Row],[총중량(kg)]]-표4[[#This Row],[공차중량(kg)]] -> 9270 | R54: 9270 | T54: =표4[[#This Row],[거래처 감량 전 실중량(kg)]] -> 9270 | U54: 50 | V54: 30000 | W54: =-표4[[#This Row],[단가(원)]]*표4[[#This Row],[루베 적용]] -> -1500000 | X54: 출고
A55: =ROW()-4 -> 51 | B55: 46185 | C55: 46185 | D55: O | E55: 동우PL1린텍_크로스_평택 | F55: 크로스특수 | H55: 현장 | I55: 집게차 | J55: 84나4888 | M55: 투플러스 | N55: 페이퍼허니컴판넬 | O55: 21100 | P55: 26550 | Q55: =표4[[#This Row],[총중량(kg)]]-표4[[#This Row],[공차중량(kg)]] -> 5450 | R55: 5460 | T55: =표4[[#This Row],[거래처 감량 전 실중량(kg)]] -> 5460 | U55: 50 | V55: 30000 | W55: =-표4[[#This Row],[단가(원)]]*표4[[#This Row],[루베 적용]] -> -1500000 | X55: 출고
A56: =ROW()-4 -> 52 | B56: 46188 | C56: 46188 | D56: O | E56: 동우PL1린텍_크로스_평택 | F56: 크로스특수 | H56: 현장 | I56: 암롤트럭 | J56: 86노1445 | K56: 김현수 | L56: 010-5315-1508 | M56: 투플러스 | N56: 페이퍼허니컴판넬 | O56: 20090 | P56: 29860 | Q56: =P56-O56 -> 9770 | R56: 9780 | T56: =R56 -> 9780 | U56: 50 | V56: 30000 | W56: =-표4[[#This Row],[단가(원)]]*표4[[#This Row],[루베 적용]] -> -1500000 | X56: 출고
A57: =ROW()-4 -> 53 | B57: 46188 | C57: 46188 | D57: O | E57: 동우PL1린텍_크로스_평택 | F57: 크로스특수 | H57: 현장 | I57: 집게차 | J57: 84나4888 | K57: 배민국 | L57: 010-9110-0126 | M57: 투플러스 | N57: 페이퍼허니컴판넬 | O57: 21130 | P57: 26000 | Q57: =P57-O57 -> 4870 | R57: 4870 | T57: =R57 -> 4870 | U57: 50 | V57: 30000 | W57: =-표4[[#This Row],[단가(원)]]*표4[[#This Row],[루베 적용]] -> -1500000 | X57: 출고
A58: =ROW()-4 -> 54 | B58: 46188 | C58: 46188 | D58: - | E58: 포스코_KM_안산 | F58: 포스코 | G58: 서윤산업 | H58: 현장 | I58: 암롤트럭 | J58: 88어1563 | M58: 서윤산업 | N58: 폐기물(솔트류) | O58: 17600 | P58: 40240 | Q58: =표4[[#This Row],[총중량(kg)]]-표4[[#This Row],[공차중량(kg)]] -> 22640 | T58: =표4[[#This Row],[실중량(kg)]] -> 22640 | V58: 300 | W58: =-표4[[#This Row],[단가(원)]]*표4[[#This Row],[정산 중량(kg)]] -> -6792000 | X58: 출고
A59: =ROW()-4 -> 55 | B59: 46189 | C59: 46189 | D59: O | E59: 동우PL1린텍_크로스_평택 | F59: 크로스특수 | H59: 현장 | I59: 암롤트럭 | J59: 86노1445 | K59: 김현수 | L59: 010-5315-1508 | M59: 투플러스 | N59: 페이퍼허니컴판넬 | O59: 20780 | P59: 29800 | Q59: =표4[[#This Row],[총중량(kg)]]-표4[[#This Row],[공차중량(kg)]] -> 9020 | R59: 9010 | T59: =R59 -> 9010 | U59: 50 | V59: 30000 | W59: =-표4[[#This Row],[단가(원)]]*표4[[#This Row],[루베 적용]] -> -1500000 | X59: 출고 | Y59: 우레탄 판넬 일부 포함
A60: =ROW()-4 -> 56 | B60: 46189 | C60: 46189 | D60: O | E60: 동우PL1린텍_크로스_평택 | F60: 크로스특수 | H60: 현장 | I60: 집게차 | J60: 84나4888 | K60: 배민국 | L60: 010-9110-0126 | M60: 투플러스 | N60: 페이퍼허니컴판넬 | O60: 21020 | P60: 26880 | Q60: =표4[[#This Row],[총중량(kg)]]-표4[[#This Row],[공차중량(kg)]] -> 5860 | R60: 5860 | T60: =R60 -> 5860 | U60: 50 | V60: 30000 | W60: =-표4[[#This Row],[단가(원)]]*표4[[#This Row],[루베 적용]] -> -1500000 | X60: 출고 | Y60: 우레탄 판넬 일부 포함
A61: =ROW()-4 -> 57 | B61: 46189 | C61: 46190 | D61: X | E61: 동우PL1린텍_크로스_평택 | H61: 원방 | I61: 집게차 | J61: 96거5789 | K61: 배민국 | L61: 010-9110-0126 | M61: 투플러스 | N61: 폐판넬 | O61: 13530 | P61: 15530 | Q61: =표4[[#This Row],[총중량(kg)]]-표4[[#This Row],[공차중량(kg)]] -> 2000 | R61: 2000 | T61: 2000 | W61: 0 | X61: 이동 | Y61: 투플 계근량 입력
A62: =ROW()-4 -> 58 | B62: 46191 | C62: 46191 | D62: O | E62: 동우PL1린텍_크로스_평택 | F62: 크로스특수 | H62: 현장 | I62: 암롤트럭 | J62: 86노1445 | K62: 김현수 | L62: 010-5315-1508 | M62: 투플러스 | N62: 페이퍼허니컴판넬 | O62: 20110 | P62: 30030 | Q62: =표4[[#This Row],[총중량(kg)]]-표4[[#This Row],[공차중량(kg)]] -> 9920 | R62: 9920 | T62: =R62 -> 9920 | U62: 50 | V62: 30000 | W62: =-표4[[#This Row],[단가(원)]]*표4[[#This Row],[루베 적용]] -> -1500000 | X62: 출고 | Y62: 우레탄 판넬 일부 포함
A63: =ROW()-4 -> 59 | B63: 46191 | C63: 46191 | D63: O | E63: 동우PL1린텍_크로스_평택 | F63: 크로스특수 | H63: 현장 | I63: 집게차 | J63: 84나4888 | K63: 배민국 | L63: 010-9110-0126 | M63: 투플러스 | N63: 페이퍼허니컴판넬 | O63: 21360 | P63: 25550 | Q63: =표4[[#This Row],[총중량(kg)]]-표4[[#This Row],[공차중량(kg)]] -> 4190 | R63: 4210 | T63: =R63 -> 4210 | U63: 50 | V63: 30000 | W63: =-표4[[#This Row],[단가(원)]]*표4[[#This Row],[루베 적용]] -> -1500000 | X63: 출고 | Y63: 우레탄 판넬 일부 포함
A64: =ROW()-4 -> 60 | B64: 46192 | C64: 46192 | D64: O | E64: 동우PL1린텍_크로스_평택 | F64: 크로스특수 | H64: 현장 | I64: 암롤트럭 | J64: 86노1445 | K64: 김현수 | L64: 010-5315-1508 | M64: 투플러스 | N64: 페이퍼허니컴판넬 | O64: 20770 | P64: 31410 | Q64: =표4[[#This Row],[총중량(kg)]]-표4[[#This Row],[공차중량(kg)]] -> 10640 | R64: 10640 | T64: =표4[[#This Row],[거래처 감량 전 실중량(kg)]] -> 10640 | U64: 50 | V64: 30000 | W64: =-표4[[#This Row],[단가(원)]]*표4[[#This Row],[루베 적용]] -> -1500000 | X64: 출고
A65: =ROW()-4 -> 61 | B65: 46192 | C65: 46192 | D65: O | E65: 동우PL1린텍_크로스_평택 | F65: 크로스특수 | H65: 현장 | I65: 집게차 | J65: 84나4888 | K65: 배민국 | L65: 010-9110-0126 | M65: 투플러스 | N65: 페이퍼허니컴판넬 | O65: 21010 | P65: 27080 | Q65: =표4[[#This Row],[총중량(kg)]]-표4[[#This Row],[공차중량(kg)]] -> 6070 | R65: 6090 | T65: =표4[[#This Row],[거래처 감량 전 실중량(kg)]] -> 6090 | U65: 50 | V65: 30000 | W65: =-표4[[#This Row],[단가(원)]]*표4[[#This Row],[루베 적용]] -> -1500000 | X65: 출고
A66: =ROW()-4 -> 62 | B66: 46195 | C66: 46195 | D66: X | E66: 삼성전자_이텍솔루션_안성 | H66: 원방 | I66: 집게차 | J66: 96거5789 | K66: 김현수 | L66: 010-5315-1508 | M66: 비젼월드 | N66: 폐목재 | O66: 13890 | P66: 14760 | Q66: =P66-O66 -> 870 | T66: 870 | V66: 0 | W66: 0 | X66: 출고 | Y66: 무상
A67: =ROW()-4 -> 63 | B67: 46195 | C67: 46196 | D67: X | E67: 삼성전자_이텍솔루션_안성 | H67: 원방 | I67: 암롤트럭 | J67: 86노1445 | K67: 김태정 | L67: 010-3311-8084 | M67: 비젼월드 | N67: 폐목재 | O67: 20330 | P67: 21370 | Q67: =표4[[#This Row],[총중량(kg)]]-표4[[#This Row],[공차중량(kg)]] -> 1040 | T67: =표4[[#This Row],[실중량(kg)]] -> 1040 | V67: 0 | W67: 0 | X67: 출고 | Y67: 무상, 명일 출고
A68: =ROW()-4 -> 64 | B68: 46195 | C68: 46196 | D68: X | E68: 삼성전자_이텍솔루션_안성 | H68: 원방 | I68: 암롤트럭 | J68: 86노1445 | K68: 김태정 | L68: 010-3311-8084 | M68: 비젼월드 | N68: 폐목재 | O68: 21370 | P68: 23320 | Q68: =표4[[#This Row],[총중량(kg)]]-표4[[#This Row],[공차중량(kg)]] -> 1950 | T68: =표4[[#This Row],[실중량(kg)]] -> 1950 | V68: 0 | W68: 0 | X68: 출고 | Y68: 무상, 명일 출고
A69: =ROW()-4 -> 65 | B69: 46197 | C69: 46197 | D69: - | E69: 포스코_KM_안산 | F69: 포스코 | G69: 서윤산업 | H69: 현장 | I69: 암롤트럭 | J69: 88어1563 | M69: 서윤산업 | N69: 폐기물(솔트류) | O69: 17220 | P69: 36660 | Q69: =P69-O69 -> 19440 | T69: =Q69 -> 19440 | V69: 300 | W69: =-표4[[#This Row],[단가(원)]]*표4[[#This Row],[정산 중량(kg)]] -> -5832000 | X69: 출고
A70: =ROW()-4 -> 66 | B70: 46197 | C70: 46197 | D70: - | E70: 포스코_KM_안산 | F70: 포스코 | G70: 서윤산업 | H70: 현장 | I70: 암롤트럭 | J70: 88어1563 | M70: 서윤산업 | N70: 폐기물(솔트류) | O70: 17140 | P70: 31620 | Q70: =P70-O70 -> 14480 | T70: =Q70 -> 14480 | V70: 300 | W70: =-표4[[#This Row],[단가(원)]]*표4[[#This Row],[정산 중량(kg)]] -> -4344000 | X70: 출고
A71: =ROW()-4 -> 67 | B71: 46202 | C71: 46202 | D71: O | E71: 동우PL1린텍_크로스_평택 | F71: 크로스특수 | H71: 현장 | I71: 집게차 | J71: 84나4888 | M71: 투플러스 | N71: 페이퍼허니컴판넬 | O71: 21180 | P71: 26260 | Q71: =표4[[#This Row],[총중량(kg)]]-표4[[#This Row],[공차중량(kg)]] -> 5080 | R71: 5120 | T71: =표4[[#This Row],[거래처 감량 전 실중량(kg)]] -> 5120 | U71: 50 | V71: 30000 | W71: =-표4[[#This Row],[단가(원)]]*표4[[#This Row],[루베 적용]] -> -1500000 | X71: 출고

Sheet 주원(폐기물)
A2: 상차일 | B2: 인계일 | C2: 올바로 | D2: 프로젝트명 | E2: 배출자 | F2: 운반자 | G2: 상차지 | H2: 차종 | I2: 차량번호 | J2: 운전자 | K2: 연락처 | L2: 처리자 | M2: 제품명 | N2: 공차중량(kg) | O2: 총중량(kg) | P2: 실중량(kg) | Q2: 거래처 감량 전 실중량(kg) | R2: 계근차 | S2: 정산 중량(kg) | T2: 루베 적용 | U2: 단가(원) | V2: 금액(원) | W2: 구분 | X2: 비고 | Y2: 이체일
A3: 46153 | D3: 포스코_KM_안산 | E3: 케이엠티엘에스 | F3: 원방 | G3: 암롤트럭 | I3: 86노1445 | L3: 주원(KM) | M3: 폐합성수지 | N3: 20920 | O3: 33270 | P3: =O3-N3 -> 12350 | S3: =P3 -> 12350 | U3: 170 | V3: =-U3*S3 -> -2099500 | W3: 출고 | X3: 직납, 주원 계근
A4: 46162 | B4: 46162 | C4: O | D4: 포스코_KM_안산 | E4: 원방 | F4: 주원 | G4: 원방 | H4: 암롤트럭 | I4: 경기85사3405 | L4: 주원 | M4: 폐합성수지 | N4: 20930 | O4: 31240 | P4: =O4-N4-3490 -> 6820 | S4: =P4 -> 6820 | U4: 170 | V4: =-U4*S4 -> -1159400 | W4: 출고 | X4: 동우 차감한 중량
A5: 46162 | B5: 46162 | D5: 동우PL1린텍_크로스_평택 | E5: 원방 | G5: 원방 | H5: 암롤트럭 | I5: 경기85사3405 | L5: 주원 | M5: 폐합성수지 | P5: 3490 | S5: =P5 -> 3490 | U5: 170 | V5: =-U5*S5 -> -593300 | W5: 출고 | X5: 5/19 동우 폐기물 입고분
A6: 46164 | B6: 46164 | C6: O | D6: 포스코_KM_안산 | E6: 케이엠티엘에스 | F6: 원방 | G6: 현장 | H6: 암롤트럭 | I6: 86노1445 | J6: 이민수 | K6: 010-9992-4447 | L6: 주원(KM) | M6: 폐합성수지 | N6: 20690 | O6: 37660 | P6: =O6-N6 -> 16970 | Q6: 16970 | S6: 16970 | U6: 170 | V6: =-U6*S6 -> -2884900 | W6: 출고 | X6: 주원 계근 정산
A7: 46184 | B7: 46184 | C7: O | D7: 혼합 | E7: 원방 | G7: 원방 | H7: 암롤트럭 | I7: 경기85사3817 | L7: 주원 | M7: 폐합성수지 | N7: 21490 | O7: 35130 | P7: =O7-N7 -> 13640 | S7: =P7 -> 13640 | U7: 170 | V7: =-U7*S7 -> -2318800 | W7: 출고
P10: =SUBTOTAL(9,P3:P9) -> 53270 | V10: =SUBTOTAL(9,V3:V9) -> -9055900

Sheet 투플러스(폐판넬)
A2: 상차일 | B2: 인계일 | C2: 올바로 | D2: 프로젝트명 | E2: 배출자 | F2: 운반자 | G2: 상차지 | H2: 차종 | I2: 차량번호 | J2: 운전자 | K2: 연락처 | L2: 거래처명 | M2: 제품명 | N2: 공차중량(kg) | O2: 총중량(kg) | P2: 실중량(kg) | Q2: 거래처 감량 전 실중량(kg) | R2: 계근차 | S2: 정산 중량(kg) | T2: 루베 적용 | U2: 단가(원) | V2: 금액(원) | W2: 구분 | X2: 비고 | Y2: 이체일
A3: 46146 | D3: 포스코_KM_안산 | E3: 케이엠티엘에스 | F3: 원방 | G3: 현장 | H3: 암롤트럭 | I3: 86노1445 | J3: 김태정 | K3: 010-3311-8084 | L3: 투플러스 | M3: 폐판넬 | N3: 21020 | O3: 24620 | P3: =O3-N3 -> 3600 | Q3: 4410 | R3: =P3-Q3 -> -810 | S3: =P3 -> 3600 | T3: 50 | U3: 50000 | V3: -2500000 | W3: 출고
A4: 46146 | B4: 46147 | D4: 포스코_KM_안산 | E4: 케이엠티엘에스 | F4: 원방 | G4: 현장 | H4: 암롤트럭 | I4: 86노1445 | J4: 김태정 | K4: 010-3311-8084 | L4: 투플러스 | M4: 폐판넬 | N4: 20100 | O4: 25540 | P4: =O4-N4 -> 5440 | Q4: 4690 | R4: =P4-Q4 -> 750 | S4: 4690 | T4: 50 | U4: 50000 | V4: -2500000 | W4: 출고
A5: 46148 | B5: 46148 | C5: O | D5: 포스코_KM_안산 | E5: 케이엠티엘에스 | F5: 원방 | G5: 현장 | H5: 암롤트럭 | I5: 86노1445 | J5: 김태정 | K5: 010-3311-8084 | L5: 투플러스 | M5: 폐판넬 | N5: 20140 | O5: 24280 | P5: 4140 | Q5: 4210 | R5: =P5-Q5 -> -70 | S5: 4210 | T5: 50 | U5: 50000 | V5: -2500000 | W5: 출고
A6: 46149 | B6: 46150 | C6: O | D6: 포스코_KM_안산 | E6: 케이엠티엘에스 | F6: 원방 | G6: 현장 | H6: 암롤트럭 | I6: 86노1445 | J6: 김태정 | K6: 010-3311-8084 | L6: 투플러스 | M6: 폐판넬 | N6: 20100 | O6: 24650 | P6: 4550 | Q6: 4550 | R6: =P6-Q6 -> 0 | S6: 4550 | T6: 50 | U6: 50000 | V6: -2500000 | W6: 출고 | X6: 명일 5/8 하차
A7: 46154 | B7: 46154 | C7: O | D7: 동우PL1린텍_크로스_평택 | E7: 크로스특수 | G7: 현장 | H7: 암롤트럭 | I7: 86노1445 | J7: 이민수 | K7: 010-9992-4447 | L7: 투플러스 | M7: 페이퍼허니컴판넬 | N7: 20120 | O7: 28340 | P7: 8220 | Q7: 8220 | R7: =P7-Q7 -> 0 | S7: 8220 | T7: 50 | U7: 30000 | V7: =-U7*T7 -> -1500000 | W7: 출고 | X7: 직납, 포스코 계근 8,220kg
A8: 46154 | B8: 46154 | C8: O | D8: 동우PL1린텍_크로스_평택 | E8: 크로스특수 | G8: 현장 | H8: 집게차 | I8: 87주8410 | J8: 배민국 | K8: 010-9110-0126 | L8: 투플러스 | M8: 페이퍼허니컴판넬 | N8: 14080 | O8: 19510 | P8: 5430 | Q8: 5430 | R8: =P8-Q8 -> 0 | S8: 5430 | T8: 35 | U8: 30000 | V8: =-U8*T8 -> -1050000 | W8: 출고 | X8: 직납, 포스코 계근 5,420kg
A9: 46155 | B9: 46155 | C9: O | D9: 동우PL1린텍_크로스_평택 | E9: 크로스특수 | G9: 현장 | H9: 암롤트럭 | I9: 86노1445 | J9: 이민수 | K9: 010-9992-4447 | L9: 투플러스 | M9: 페이퍼허니컴판넬 | N9: 20160 | O9: 27600 | P9: 7440 | Q9: 7440 | R9: =P9-Q9 -> 0 | S9: 7440 | T9: 50 | U9: 30000 | V9: =-U9*T9 -> -1500000 | W9: 출고
A10: 46155 | B10: 46155 | C10: O | D10: 동우PL1린텍_크로스_평택 | E10: 크로스특수 | G10: 현장 | H10: 집게차 | I10: 87주8410 | J10: 배민국 | K10: 010-9110-0126 | L10: 투플러스 | M10: 페이퍼허니컴판넬 | N10: 14080 | O10: 18400 | P10: 4320 | Q10: 4320 | R10: =P10-Q10 -> 0 | S10: 4320 | T10: 35 | U10: 30000 | V10: =-U10*T10 -> -1050000 | W10: 출고
A11: 46156 | B11: 46156 | C11: O | D11: 동우PL1린텍_크로스_평택 | E11: 크로스특수 | G11: 현장 | H11: 암롤트럭 | I11: 86노1445 | J11: 이민수 | K11: 010-9992-4447 | L11: 투플러스 | M11: 페이퍼허니컴판넬 | N11: 20160 | O11: 27440 | P11: 7280 | Q11: 7280 | R11: =P11-Q11 -> 0 | S11: 7280 | T11: 35 | U11: 30000 | V11: =-U11*T11 -> -1050000 | W11: 출고
A12: 46156 | B12: 46156 | C12: O | D12: 동우PL1린텍_크로스_평택 | E12: 크로스특수 | G12: 현장 | H12: 집게차 | I12: 87주8410 | J12: 배민국 | K12: 010-9110-0126 | L12: 투플러스 | M12: 페이퍼허니컴판넬 | N12: 13990 | O12: 18560 | P12: 4570 | Q12: 4570 | R12: =P12-Q12 -> 0 | S12: 4570 | T12: 50 | U12: 30000 | V12: =-U12*T12 -> -1500000 | W12: 출고
A13: 46156 | B13: 46157 | C13: O | D13: 동우PL1린텍_크로스_평택 | E13: 크로스특수 | G13: 현장 | H13: 암롤트럭 | I13: 86노1445 | J13: 이민수 | K13: 010-9992-4447 | L13: 투플러스 | M13: 폐판넬 | N13: 20050 | O13: 25280 | P13: =O13-N13 -> 5230 | Q13: 5200 | R13: =Q13-P13 -> -30 | S13: =Q13 -> 5200 | V13: -4500000 | W13: 출고
A14: 46156 | B14: 46157 | C14: O | D14: 동우PL1린텍_크로스_평택 | E14: 크로스특수 | G14: 현장 | H14: 집게차 | I14: 87주8410 | J14: 배민국 | K14: 010-9110-0126 | L14: 투플러스 | M14: 폐판넬 | N14: 14040 | O14: 16590 | P14: =O14-N14 -> 2550 | Q14: 2550 | R14: =Q14-P14 -> 0 | S14: =Q14 -> 2550 | V14: -4000000 | W14: 출고
A15: 46157 | B15: 46157 | C15: O | D15: 동우PL1린텍_크로스_평택 | E15: 크로스특수 | G15: 현장 | H15: 암롤트럭 | I15: 86노1445 | J15: 이민수 | K15: 010-9992-4447 | L15: 투플러스 | M15: 폐판넬 | N15: 19980 | O15: 28040 | P15: =O15-N15 -> 8060 | Q15: 7990 | R15: =Q15-P15 -> -70 | S15: =Q15 -> 7990 | V15: -4500000 | W15: 출고
A16: 46157 | B16: 46157 | C16: O | D16: 동우PL1린텍_크로스_평택 | E16: 크로스특수 | G16: 현장 | H16: 집게차 | I16: 87주8410 | J16: 배민국 | K16: 010-9110-0126 | L16: 투플러스 | M16: 폐판넬 | N16: 13980 | O16: 17380 | P16: =O16-N16 -> 3400 | Q16: 3390 | R16: =Q16-P16 -> -10 | S16: =Q16 -> 3390 | V16: -4000000 | W16: 출고
A17: 46158 | B17: 46158 | C17: O | D17: 동우PL1린텍_크로스_평택 | E17: 크로스특수 | G17: 현장 | H17: 암롤트럭 | I17: 86노1445 | J17: 이민수 | K17: 010-9992-4447 | L17: 투플러스 | M17: 폐판넬 | N17: 20150 | O17: 24440 | P17: =O17-N17 -> 4290 | Q17: 4270 | R17: =Q17-P17 -> -20 | S17: =Q17 -> 4270 | V17: -4500000 | W17: 출고
A18: 46158 | B18: 46158 | C18: O | D18: 동우PL1린텍_크로스_평택 | E18: 크로스특수 | G18: 현장 | H18: 집게차 | I18: 87주8410 | J18: 배민국 | K18: 010-9110-0126 | L18: 투플러스 | M18: 폐판넬 | N18: 14000 | O18: 16620 | P18: =O18-N18 -> 2620 | Q18: 2620 | R18: =Q18-P18 -> 0 | S18: =Q18 -> 2620 | V18: -4000000 | W18: 출고
A19: 46160 | B19: 46160 | C19: O | D19: 동우PL1린텍_크로스_평택 | E19: 크로스특수 | G19: 현장 | H19: 암롤트럭 | I19: 86노1445 | J19: 이민수 | K19: 010-9992-4447 | L19: 투플러스 | M19: 폐판넬 | N19: 20050 | O19: 24630 | P19: =O19-N19 -> 4580 | Q19: 4550 | S19: =Q19 -> 4550 | V19: -4500000 | W19: 출고
A20: 46178 | B20: 46178 | C20: O | D20: 동우PL1린텍_크로스_평택 | E20: 크로스특수 | G20: 현장 | H20: 암롤트럭 | I20: 86노1445 | J20: 김현수 | K20: 010-5315-1508 | L20: 투플러스 | M20: 페이퍼허니컴판넬 | N20: 20830 | O20: 29180 | P20: =O20-N20 -> 8350 | Q20: 8320 | S20: =Q20 -> 8320 | T20: 50 | U20: 30000 | V20: =-U20*T20 -> -1500000 | W20: 출고
A21: 46178 | B21: 46178 | C21: O | D21: 동우PL1린텍_크로스_평택 | E21: 크로스특수 | G21: 현장 | H21: 집게차 | I21: 84나4888 | J21: 이민규 | K21: 010-5899-9660 | L21: 투플러스 | M21: 페이퍼허니컴판넬 | N21: 21400 | O21: 27030 | P21: =O21-N21 -> 5630 | Q21: 5670 | S21: =Q21 -> 5670 | T21: 50 | U21: 30000 | V21: =-U21*T21 -> -1500000 | W21: 출고
A22: 46182 | B22: 46182 | C22: O | D22: 동우PL1린텍_크로스_평택 | E22: 크로스특수 | G22: 현장 | H22: 암롤트럭 | I22: 86노1445 | L22: 투플러스 | M22: 페이퍼허니컴판넬 | N22: 20100 | O22: 29960 | P22: =O22-N22 -> 9860 | Q22: 9850 | S22: =Q22 -> 9850 | T22: 50 | U22: 30000 | V22: =-U22*T22 -> -1500000 | W22: 출고
A23: 46182 | B23: 46182 | C23: O | D23: 동우PL1린텍_크로스_평택 | E23: 크로스특수 | G23: 현장 | H23: 집게차 | I23: 84나4888 | L23: 투플러스 | M23: 페이퍼허니컴판넬 | N23: 21290 | O23: 25610 | P23: =O23-N23 -> 4320 | Q23: 4350 | S23: =Q23 -> 4350 | T23: 50 | U23: 30000 | V23: =-U23*T23 -> -1500000 | W23: 출고
A24: 46183 | B24: 46183 | C24: O | D24: 동우PL1린텍_크로스_평택 | E24: 크로스특수 | G24: 현장 | H24: 암롤트럭 | I24: 86노1445 | J24: 김현수 | K24: 010-5315-1508 | L24: 투플러스 | M24: 페이퍼허니컴판넬 | N24: 20710 | O24: 29170 | P24: =O24-N24 -> 8460 | Q24: 8450 | S24: =Q24 -> 8450 | T24: 50 | U24: 30000 | V24: =-U24*T24 -> -1500000 | W24: 출고
A25: 46183 | B25: 46183 | C25: O | D25: 동우PL1린텍_크로스_평택 | E25: 크로스특수 | G25: 현장 | H25: 집게차 | I25: 87주8410 | J25: 배민국 | K25: 010-9110-0126 | L25: 투플러스 | M25: 페이퍼허니컴판넬 | N25: 14030 | O25: 18140 | P25: =O25-N25 -> 4110 | Q25: 4100 | S25: =Q25 -> 4100 | T25: 35 | U25: 30000 | V25: =-U25*T25 -> -1050000 | W25: 출고
A26: 46185 | B26: 46185 | C26: O | D26: 동우PL1린텍_크로스_평택 | E26: 크로스특수 | G26: 현장 | H26: 암롤트럭 | I26: 86노1445 | J26: 김현수 | K26: 010-5315-1508 | L26: 투플러스 | M26: 페이퍼허니컴판넬 | N26: 20770 | O26: 30040 | P26: =O26-N26 -> 9270 | Q26: 9270 | S26: =Q26 -> 9270 | T26: 50 | U26: 30000 | V26: =-U26*T26 -> -1500000 | W26: 출고
A27: 46185 | B27: 46185 | C27: O | D27: 동우PL1린텍_크로스_평택 | E27: 크로스특수 | G27: 현장 | H27: 집게차 | I27: 84나4888 | J27: 배민국 | K27: 010-9110-0126 | L27: 투플러스 | M27: 페이퍼허니컴판넬 | N27: 21100 | O27: 26550 | P27: =O27-N27 -> 5450 | Q27: 5460 | S27: =Q27 -> 5460 | T27: 50 | U27: 30000 | V27: =-U27*T27 -> -1500000 | W27: 출고
A28: 46188 | B28: 46188 | C28: O | D28: 동우PL1린텍_크로스_평택 | E28: 크로스특수 | G28: 현장 | H28: 암롤트럭 | I28: 86노1445 | J28: 김현수 | K28: 010-5315-1508 | L28: 투플러스 | M28: 페이퍼허니컴판넬 | N28: 20090 | O28: 29860 | P28: =O28-N28 -> 9770 | Q28: 9780 | S28: =Q28 -> 9780 | T28: 50 | U28: 30000 | V28: =-U28*T28 -> -1500000 | W28: 출고
A29: 46188 | B29: 46188 | C29: O | D29: 동우PL1린텍_크로스_평택 | E29: 크로스특수 | G29: 현장 | H29: 집게차 | I29: 84나4888 | J29: 배민국 | K29: 010-9110-0126 | L29: 투플러스 | M29: 페이퍼허니컴판넬 | N29: 21130 | O29: 26000 | P29: =O29-N29 -> 4870 | Q29: 4870 | S29: =Q29 -> 4870 | T29: 50 | U29: 30000 | V29: =-U29*T29 -> -1500000 | W29: 출고
A30: 46189 | B30: 46189 | C30: O | D30: 동우PL1린텍_크로스_평택 | E30: 크로스특수 | G30: 현장 | H30: 암롤트럭 | I30: 86노1445 | J30: 김현수 | K30: 010-5315-1508 | L30: 투플러스 | M30: 페이퍼허니컴판넬 | N30: 20780 | O30: 29800 | P30: =O30-N30 -> 9020 | Q30: 9010 | S30: =Q30 -> 9010 | T30: 50 | U30: 30000 | V30: =-U30*T30 -> -1500000 | W30: 출고 | X30: 우레탄 판넬 일부 포함
A31: 46189 | B31: 46189 | C31: O | D31: 동우PL1린텍_크로스_평택 | E31: 크로스특수 | G31: 현장 | H31: 집게차 | I31: 84나4888 | J31: 배민국 | K31: 010-9110-0126 | L31: 투플러스 | M31: 페이퍼허니컴판넬 | N31: 21020 | O31: 26880 | P31: =O31-N31 -> 5860 | Q31: 5860 | S31: =Q31 -> 5860 | T31: 50 | U31: 30000 | V31: =-U31*T31 -> -1500000 | W31: 출고 | X31: 우레탄 판넬 일부 포함
A32: 46189 | B32: 46190 | C32: X | D32: 동우PL1린텍_크로스_평택 | G32: 원방 | H32: 집게차 | I32: 96거5789 | J32: 배민국 | K32: 010-9110-0126 | L32: 투플러스 | M32: 폐판넬 | N32: 13530 | O32: 15530 | P32: =O32-N32 -> 2000 | Q32: 2000 | S32: 2000 | V32: 0 | W32: 이동 | X32: 투플 계근량 입력
A33: 46191 | B33: 46191 | C33: O | D33: 동우PL1린텍_크로스_평택 | E33: 크로스특수 | G33: 현장 | H33: 암롤트럭 | I33: 86노1445 | J33: 김현수 | K33: 010-5315-1508 | L33: 투플러스 | M33: 페이퍼허니컴판넬 | N33: 20110 | O33: 30030 | P33: =O33-N33 -> 9920 | Q33: 9920 | S33: =Q33 -> 9920 | T33: 50 | U33: 30000 | V33: =-U33*T33 -> -1500000 | W33: 출고 | X33: 우레탄 판넬 일부 포함
A34: 46191 | B34: 46191 | C34: O | D34: 동우PL1린텍_크로스_평택 | E34: 크로스특수 | G34: 현장 | H34: 집게차 | I34: 84나4888 | J34: 배민국 | K34: 010-9110-0126 | L34: 투플러스 | M34: 페이퍼허니컴판넬 | N34: 21360 | O34: 25550 | P34: =O34-N34 -> 4190 | Q34: 4210 | S34: =Q34 -> 4210 | T34: 50 | U34: 30000 | V34: =-U34*T34 -> -1500000 | W34: 출고 | X34: 우레탄 판넬 일부 포함
A35: 46192 | B35: 46192 | C35: O | D35: 동우PL1린텍_크로스_평택 | E35: 크로스특수 | G35: 현장 | H35: 암롤트럭 | I35: 86노1445 | J35: 김현수 | K35: 010-5315-1508 | L35: 투플러스 | M35: 페이퍼허니컴판넬 | N35: 20770 | O35: 31410 | P35: =O35-N35 -> 10640 | Q35: 10640 | S35: =Q35 -> 10640 | T35: 50 | U35: 30000 | V35: =-U35*T35 -> -1500000 | W35: 출고
A36: 46192 | B36: 46192 | C36: O | D36: 동우PL1린텍_크로스_평택 | E36: 크로스특수 | G36: 현장 | H36: 집게차 | I36: 84나4888 | J36: 배민국 | K36: 010-9110-0126 | L36: 투플러스 | M36: 페이퍼허니컴판넬 | N36: 21010 | O36: 27080 | P36: =O36-N36 -> 6070 | Q36: 6090 | S36: =Q36 -> 6090 | T36: 50 | U36: 30000 | V36: =-U36*T36 -> -1500000 | W36: 출고
A37: 46202 | B37: 46202 | C37: O | D37: 동우PL1린텍_크로스_평택 | E37: 크로스특수 | G37: 현장 | H37: 집게차 | I37: 84나4888 | L37: 투플러스 | M37: 페이퍼허니컴판넬 | N37: 21180 | O37: 26260 | P37: =O37-N37 -> 5080 | Q37: 5120 | S37: =Q37 -> 5120 | T37: 50 | U37: 30000 | V37: =-U37*T37 -> -1500000 | W37: 출고
P39: =SUBTOTAL(9,P3:P38) -> 208590 | V39: =SUBTOTAL(9,V3:V38) -> -72700000

Sheet 도솔환경(폐콘)
A2: 상차일 | B2: 인계일 | C2: 올바로 | D2: 프로젝트명 | E2: 배출자 | F2: 운반자 | G2: 상차지 | H2: 차종 | I2: 차량번호 | J2: 운전자 | K2: 연락처 | L2: 거래처명 | M2: 제품명 | N2: 공차중량(kg) | O2: 총중량(kg) | P2: 실중량(kg) | Q2: 거래처 감량 전 실중량(kg) | R2: 감량(kg) | S2: 정산 중량(kg) | T2: 루베 적용 | U2: 단가(원) | V2: 금액(원) | W2: 구분 | X2: 비고 | Y2: 이체일
A3: 46149 | B3: 46149 | C3: O | D3: 포스코_KM_안산 | E3: 케이엠티엘에스 | F3: 원방 | G3: 현장 | H3: 암롤트럭 | I3: 86노1445 | J3: 김태정 | K3: 010-3311-8084 | L3: 도솔환경산업 | M3: 폐콘크리트 | N3: 20940 | O3: 35520 | P3: 14580 | Q3: 14580 | S3: =Q3 -> 14580 | T3: 20 | U3: 21875 | V3: =-U3*T3 -> -437500 | W3: 출고
A4: 46160 | B4: 46160 | C4: O | D4: 동우PL1린텍_크로스_평택 | E4: 크로스특수 | F4: 원방 | G4: 현장 | H4: 암롤트럭 | I4: 86노1445 | J4: 이민수 | K4: 010-9992-4447 | L4: 도솔환경산업 | M4: 폐콘크리트 | N4: 20130 | O4: 44150 | P4: =O4-N4 -> 24020 | Q4: 24020 | S4: =Q4 -> 24020 | T4: 17 | U4: 22000 | V4: =-U4*T4 -> -374000 | W4: 출고 | X4: 원방 운반
A5: 46160 | B5: 46160 | C5: O | D5: 동우PL1린텍_크로스_평택 | E5: 크로스특수 | F5: 도솔환경 | G5: 현장 | H5: 방통차 | I5: 충남06노1592 | J5: 전종식 | L5: 도솔환경산업 | M5: 폐콘크리트 | N5: 14560 | O5: 35960 | P5: =O5-N5 -> 21400 | Q5: 21400 | S5: =Q5 -> 21400 | T5: 17 | U5: 22000 | V5: =-U5*T5 -> -374000 | W5: 출고 | X5: 크로스 정산
A6: 46160 | B6: 46160 | C6: O | D6: 동우PL1린텍_크로스_평택 | E6: 크로스특수 | F6: 도솔환경 | G6: 현장 | H6: 방통차 | I6: 충남06모5639 | J6: 조성환 | L6: 도솔환경산업 | M6: 폐콘크리트 | N6: 14890 | O6: 38690 | P6: =O6-N6 -> 23800 | Q6: 23800 | S6: =Q6 -> 23800 | T6: 17 | U6: 22000 | V6: =-U6*T6 -> -374000 | W6: 출고 | X6: 크로스 정산
A7: 46160 | B7: 46160 | C7: O | D7: 동우PL1린텍_크로스_평택 | E7: 크로스특수 | F7: 도솔환경 | G7: 현장 | H7: 방통차 | I7: 충남06고1626 | J7: 양명석 | L7: 도솔환경산업 | M7: 폐콘크리트 | N7: 14660 | O7: 35460 | P7: =O7-N7 -> 20800 | Q7: 20800 | S7: =Q7 -> 20800 | T7: 17 | U7: 22000 | V7: =-U7*T7 -> -374000 | W7: 출고 | X7: 크로스 정산
A8: 46160 | B8: 46160 | C8: O | D8: 동우PL1린텍_크로스_평택 | E8: 크로스특수 | F8: 도솔환경 | G8: 현장 | H8: 방통차 | I8: 충남06노1598 | J8: 임지환 | L8: 도솔환경산업 | M8: 폐콘크리트 | N8: 15680 | O8: 41940 | P8: =O8-N8 -> 26260 | Q8: 26260 | S8: =Q8 -> 26260 | T8: 17 | U8: 22000 | V8: =-U8*T8 -> -374000 | W8: 출고 | X8: 크로스 정산
A9: 46161 | B9: 46161 | C9: O | D9: 동우PL1린텍_크로스_평택 | E9: 크로스특수 | F9: 도솔환경 | G9: 현장 | H9: 방통차 | I9: 충남06노1592 | J9: 전종식 | L9: 도솔환경산업 | M9: 폐콘크리트 | N9: 14560 | O9: 38290 | P9: =O9-N9 -> 23730 | Q9: 23730 | S9: =Q9 -> 23730 | T9: 17 | U9: 22000 | V9: =-U9*T9 -> -374000 | W9: 출고 | X9: 크로스 정산
A10: 46161 | B10: 46161 | C10: O | D10: 동우PL1린텍_크로스_평택 | E10: 크로스특수 | F10: 도솔환경 | G10: 현장 | H10: 방통차 | I10: 충남06노1598 | J10: 임지환 | L10: 도솔환경산업 | M10: 폐콘크리트 | N10: 15680 | O10: 39530 | P10: =O10-N10 -> 23850 | Q10: 23850 | S10: =Q10 -> 23850 | T10: 17 | U10: 22000 | V10: =-U10*T10 -> -374000 | W10: 출고 | X10: 크로스 정산
A11: 46161 | B11: 46161 | C11: O | D11: 동우PL1린텍_크로스_평택 | E11: 크로스특수 | F11: 도솔환경 | G11: 현장 | H11: 방통차 | I11: 충남06고1626 | J11: 양명석 | L11: 도솔환경산업 | M11: 폐콘크리트 | N11: 14660 | O11: 39390 | P11: =O11-N11 -> 24730 | Q11: 24730 | S11: =Q11 -> 24730 | T11: 17 | U11: 22000 | V11: =-U11*T11 -> -374000 | W11: 출고 | X11: 크로스 정산
A12: 46161 | B12: 46161 | C12: O | D12: 동우PL1린텍_크로스_평택 | E12: 크로스특수 | F12: 도솔환경 | G12: 현장 | H12: 방통차 | I12: 충남06고3191 | J12: 이준호 | L12: 도솔환경산업 | M12: 폐콘크리트 | N12: 14570 | O12: 40120 | P12: =O12-N12 -> 25550 | Q12: 25550 | S12: =Q12 -> 25550 | T12: 17 | U12: 22000 | V12: =-U12*T12 -> -374000 | W12: 출고 | X12: 크로스 정산
A13: 46161 | B13: 46161 | C13: O | D13: 동우PL1린텍_크로스_평택 | E13: 크로스특수 | F13: 도솔환경 | G13: 현장 | H13: 방통차 | I13: 충남06노1592 | J13: 전종식 | L13: 도솔환경산업 | M13: 폐콘크리트 | N13: 14560 | O13: 37840 | P13: =O13-N13 -> 23280 | Q13: 23280 | S13: =Q13 -> 23280 | T13: 17 | U13: 22000 | V13: =-U13*T13 -> -374000 | W13: 출고 | X13: 크로스 정산
A14: 46161 | B14: 46161 | C14: O | D14: 동우PL1린텍_크로스_평택 | E14: 크로스특수 | F14: 도솔환경 | G14: 현장 | H14: 방통차 | I14: 충남06노1598 | J14: 임지환 | L14: 도솔환경산업 | M14: 폐콘크리트 | N14: 15680 | O14: 40420 | P14: =O14-N14 -> 24740 | Q14: 24740 | S14: =Q14 -> 24740 | T14: 17 | U14: 22000 | V14: =-U14*T14 -> -374000 | W14: 출고 | X14: 크로스 정산
A15: 46161 | B15: 46161 | C15: O | D15: 동우PL1린텍_크로스_평택 | E15: 크로스특수 | F15: 도솔환경 | G15: 현장 | H15: 방통차 | I15: 충남06고1626 | J15: 양명석 | L15: 도솔환경산업 | M15: 폐콘크리트 | N15: 14660 | O15: 25890 | P15: =O15-N15 -> 11230 | Q15: 11230 | S15: =Q15 -> 11230 | T15: 17 | U15: 22000 | V15: =-U15*T15 -> -374000 | W15: 출고 | X15: 크로스 정산
A16: 46161 | C16: X | D16: 동우PL1린텍_크로스_평택 | E16: 크로스특수 | F16: 도솔환경 | G16: 현장 | H16: 방통차 | J16: 도솔환경산업 | K16: 폐콘크리트 | L16: 도솔환경산업 | M16: 폐콘크리트 | P16: =O16-N16 -> 0 | T16: 17 | U16: 6600 | V16: -112200 | W16: 차량 회차 | X16: 회차 차량
A17: 46163 | B17: 46163 | C17: O | D17: 포스코_KM_안산 | E17: 케이엠티엘에스 | F17: 원방 | G17: 현장 | H17: 암롤트럭 | I17: 86노1445 | J17: 김태정 | K17: 010-3311-8084 | L17: 도솔환경산업 | M17: 폐콘크리트 | N17: 20820 | O17: 38840 | P17: =O17-N17 -> 18020 | Q17: 23980 | S17: =Q17 -> 23980 | T17: 20 | U17: 21875 | V17: =-U17*T17 -> -437500 | W17: 출고 | X17: 도솔 계근 정산
A18: 46171 | B18: 46171 | C18: O | D18: 포스코_KM_안산 | E18: 케이엠티엘에스 | F18: 도솔환경 | G18: 현장 | H18: 덤프트럭 | I18: 충남06노1598 | L18: 도솔환경산업 | M18: 폐아스콘 | N18: 14560 | O18: 23000 | P18: =O18-N18 -> 8440 | Q18: 8440 | S18: =Q18 -> 8440 | T18: 17 | U18: 31250 | V18: =-U18*T18 -> -531250 | W18: 출고
A19: 46171 | B19: 46171 | C19: O | D19: 포스코_KM_안산 | E19: 케이엠티엘에스 | F19: 도솔환경 | G19: 현장 | H19: 덤프트럭 | I19: 충남06고1626 | L19: 도솔환경산업 | M19: 폐아스콘 | N19: 14660 | O19: 26910 | P19: =O19-N19 -> 12250 | Q19: 12250 | S19: =Q19 -> 12250 | T19: 17 | U19: 31250 | V19: =-U19*T19 -> -531250 | W19: 출고
A20: 46171 | B20: 46171 | C20: O | D20: 포스코_KM_안산 | E20: 케이엠티엘에스 | F20: 도솔환경 | G20: 현장 | H20: 덤프트럭 | I20: 충남06노1592 | L20: 도솔환경산업 | M20: 폐아스콘 | N20: 14560 | O20: 28090 | P20: =O20-N20 -> 13530 | Q20: 13530 | S20: =Q20 -> 13530 | T20: 17 | U20: 31250 | V20: =-U20*T20 -> -531250 | W20: 출고
A21: 46171 | C21: - | D21: 포스코_KM_안산 | E21: 케이엠티엘에스 | F21: 도솔환경 | G21: 현장 | H21: 덤프트럭 | L21: 도솔환경산업 | T21: 17 | U21: 9375 | V21: =-U21*T21 -> -159375 | W21: 차량 회차 | X21: 차량회차
P24: =SUM(P3:P23) -> 340210 | V24: =SUM(V3:V23) -> -7228325

Sheet 폐기물 기타업체
A2: 상차일 | B2: 인계일 | C2: 올바로 | D2: 프로젝트명 | E2: 배출자 | F2: 운반자 | G2: 상차지 | H2: 차종 | I2: 차량번호 | J2: 운전자 | K2: 연락처 | L2: 처리자 | M2: 제품명 | N2: 공차중량(kg) | O2: 총중량(kg) | P2: 실중량(kg) | Q2: 거래처 감량 전 실중량(kg) | R2: 감량(kg) | S2: 정산 중량(kg) | T2: 루베 적용 | U2: 단가(원) | V2: 금액(원) | W2: 구분 | X2: 비고 | Y2: 이체일
A3: 46161 | C3: X | D3: 포스코_KM_안산 | F3: 한강그린 | G3: 현장 | H3: 탱크로리 | I3: 84두0416 | L3: 한강그린 | M3: 절연유 | N3: 15220 | O3: 27820 | P3: =O3-N3 -> 12600 | S3: 12600 | U3: 0 | V3: 0 | W3: 출고 | X3: 무상
A4: 46171 | C4: X | D4: 기타 현장 | G4: 원방 | H4: 집게차 | I4: 96거5789 | L4: 비젼월드 | M4: 폐목재 | N4: 13570 | O4: 16400 | P4: =O4-N4 -> 2830 | S4: 2830 | U4: 0 | V4: 0 | W4: 출고 | X4: 무상
A5: 46188 | B5: 46188 | C5: - | D5: 포스코_KM_안산 | E5: 포스코 | F5: 서윤산업 | G5: 현장 | H5: 암롤트럭 | I5: 88어1563 | L5: 서윤산업 | M5: 폐기물(솔트류) | N5: 17600 | O5: 40240 | P5: 22640 | S5: 22640 | U5: 300 | V5: =-U5*S5 -> -6792000 | W5: 출고 | Y5: 7/2 업체 발행
A6: 46195 | B6: 46195 | C6: X | D6: 삼성전자_이텍솔루션_안성 | G6: 원방 | H6: 집게차 | I6: 96거5789 | J6: 김현수 | K6: 010-5315-1508 | L6: 비젼월드 | M6: 폐목재 | N6: 13890 | O6: 14760 | P6: =O6-N6 -> 870 | S6: 870 | V6: =-U6*S6 -> 0 | W6: 출고 | X6: 무상
A7: 46195 | B7: 46196 | C7: X | D7: 삼성전자_이텍솔루션_안성 | G7: 원방 | H7: 암롤트럭 | I7: 86노1445 | J7: 김태정 | K7: 010-3311-8084 | L7: 비젼월드 | M7: 폐목재 | N7: 20330 | O7: 21370 | P7: =O7-N7 -> 1040 | S7: =P7 -> 1040 | V7: =-U7*S7 -> 0 | W7: 출고 | X7: 무상, 명일 출고
A8: 46195 | B8: 46196 | C8: X | D8: 삼성전자_이텍솔루션_안성 | G8: 원방 | H8: 암롤트럭 | I8: 86노1445 | J8: 김태정 | K8: 010-3311-8084 | L8: 비젼월드 | M8: 폐목재 | N8: 21370 | O8: 23320 | P8: =O8-N8 -> 1950 | S8: =P8 -> 1950 | V8: =-U8*S8 -> 0 | W8: 출고 | X8: 무상, 명일 출고
A9: 46197 | B9: 46197 | C9: - | D9: 포스코_KM_안산 | E9: 포스코 | F9: 서윤산업 | G9: 현장 | H9: 암롤트럭 | I9: 88어1563 | L9: 서윤산업 | M9: 폐기물(솔트류) | N9: 17220 | O9: 36660 | P9: =O9-N9 -> 19440 | S9: =P9 -> 19440 | U9: 300 | V9: =-U9*S9 -> -5832000 | W9: 출고 | Y9: 7/2 업체 발행
A10: 46197 | B10: 46197 | C10: - | D10: 포스코_KM_안산 | E10: 포스코 | F10: 서윤산업 | G10: 현장 | H10: 암롤트럭 | I10: 88어1563 | L10: 서윤산업 | M10: 폐기물(솔트류) | N10: 17140 | O10: 31620 | P10: =O10-N10 -> 14480 | S10: =P10 -> 14480 | U10: 300 | V10: =-U10*S10 -> -4344000 | W10: 출고 | Y10: 7/2 업체 발행
P12: =SUM(P3:P11) -> 75850 | V12: =SUM(V3:V11) -> -16968000

Sheet 재고이동(원방<->투플)
A2: 계량일 | B2: 차량번호 | C2: 상차지 | D2: 하차지 | E2: 제품명 | F2: 공차중량(kg) | G2: 총중량(kg) | H2: 실중량(kg) | I2: 구분 | J2: 비고
A3: 46150 | B3: 96거5789 | C3: 원방 | D3: 투플러스 | E3: 블로어 | F3: 13540 | G3: 13990 | H3: =G3-F3 -> 450 | I3: 이동 | J3: 투플 계근, 블로어(송풍기)필요
A4: 46190 | B4: 96거5789 | C4: 원방 | D4: 투플러스 | E4: 폐판넬 | F4: 13530 | G4: 15530 | H4: =G4-F4 -> 2000 | I4: 이동 | J4: 6/8, 6/11 동우 반출물 입고분 이동
H7: =SUM(H3:H6) -> 2450

Sheet 재고이동(원방<->크로스창고)
A2: 계량일 | B2: 차량번호 | C2: 상차지 | D2: 하차지 | E2: 제품명 | F2: 공차중량(kg) | G2: 총중량(kg) | H2: 실중량(kg) | I2: 구분 | J2: 비고
A3: 45945 | B3: 84라0698 | C3: 원방 | D3: 크로스창고 | E3: 파렛트 | F3: 1950 | G3: 2270 | H3: =G3-F3 -> 320 | I3: 출고
A4: 45952 | B4: 81러3615 | C4: 크로스창고 | D4: 원방 | E4: 고철 | F4: 8070 | G4: 8490 | H4: =G4-F4 -> 420 | I4: 입고
A5: 46002 | B5: 81러3615 | C5: 안산공장 | D5: 크로스창고 | E5: 양중박스 | H5: 500 | I5: 출고 | J5: 파란 양중박스 1개 안산공장 ->원방 일부 하차 후 이동 양중박스 반납 완료
A6: 46051 | B6: 87주8410 | C6: 크로스창고 | D6: 원방 | E6: 폐기물 | F6: 14040 | G6: 14950 | H6: =G6-F6 -> 910 | I6: 입고
A7: 46115 | B7: 81러3615 | C7: 원방 | D7: 크로스창고 | E7: 에어컨, 실외기 | F7: 7980 | G7: 8500 | H7: =G7-F7 -> 520 | I7: 출고 | J7: 크로스에서 판매 예정
H10: =SUM(H3:H9) -> 2670

Sheet 재고이동_(원방 <->SR5 현장)
A2: 계량일 | B2: 차량번호 | C2: 상차지 | D2: 하차지 | E2: 제품명 | F2: 수량 | G2: 공차중량 | H2: 총중량 | I2: 실중량(kg) | J2: 구분 | K2: 비고
A3: 45915 | B3: 서울90바3606 | C3: 원방 | D3: SR5 | E3: 양중박스 | F3: 6 | G3: 8300 | H3: 11110 | I3: =H3-G3 -> 2810 | J3: 이동
A4: 45915 | B4: 충남83아2315 | C4: 원방 | D4: SR5 | E4: 양중박스 | F4: 6 | G4: 8200 | H4: 11020 | I4: =H4-G4 -> 2820 | J4: 이동
A5: 45918 | B5: 충남80바5023 | C5: 원방 | D5: SR5 | E5: 양중박스 | F5: 6 | G5: 8450 | H5: 11300 | I5: =H5-G5 -> 2850 | J5: 이동
A6: 45918 | B6: 경기91아7095 | C6: 원방 | D6: SR5 | E6: 양중박스 | F6: 6 | G6: 9020 | H6: 11890 | I6: =H6-G6 -> 2870 | J6: 이동
A7: 45918 | B7: 충남83아1381 | C7: 원방 | D7: SR5 | E7: 양중박스 | F7: 5 | G7: 8640 | H7: 11040 | I7: =H7-G7 -> 2400 | J7: 이동
A8: 45919 | B8: 81러3615 | C8: SR5 | D8: 원방 | E8: 양중박스 | F8: -2 | G8: 8090 | H8: 9020 | I8: =-(H8-G8) -> -930 | J8: 반납
A9: 45926 | B9: 96거5789 | C9: 원방 | D9: SR5 | E9: 양중박스 | F9: 3 | J9: 이동
A10: 45926 | B10: 충남83아1381 | C10: 원방 | D10: SR5 | E10: 양중박스 | F10: 5 | J10: 이동
A11: 45927 | B11: 경기89아6390 | C11: 원방 | D11: SR5 | E11: 양중박스 | F11: 6 | J11: 이동
A12: 45927 | B12: 경기83사9117 | C12: 원방 | D12: SR5 | E12: 양중박스 | F12: 6 | J12: 이동 | K12: 윙바디 차량
A13: 45929 | B13: 경기91아7095 | C13: 원방 | D13: SR5 | E13: 양중박스 | F13: 6 | J13: 이동
A14: 45929 | B14: 충남83아1381 | C14: 원방 | D14: SR5 | E14: 양중박스 | F14: 6 | J14: 이동
A15: 45929 | B15: 충남80아1374 | C15: 원방 | D15: SR5 | E15: 양중박스 | F15: 6 | J15: 이동
A16: 45930 | B16: 경기85바6491 | C16: 원방 | D16: SR5 | E16: 양중박스 | F16: 5 | J16: 이동
A17: 45930 | B17: 충남83아1305 | C17: 원방 | D17: SR5 | E17: 양중박스 | F17: 6 | J17: 이동
A18: 45930 | B18: 경기94아8163 | C18: 원방 | D18: SR5 | E18: 양중박스 | F18: 8 | J18: 이동 | K18: 10월 부 양중박스 이동 건은 스크랩 반출차량 List에 정리
A19: 45947 | B19: 충남83아1751 | C19: 원방 | D19: SR5 | E19: 비계파이프 | G19: 9430 | H19: 13080 | I19: 3650 | J19: 이동 | K19: 계근 후 2묶음 추가 상차, 서원이엔씨 반납
A20: 45951 | B20: 경기84아5972 | C20: 원방 | D20: SR5 | E20: 콘데서 등 | G20: 2270 | H20: 3370 | I20: =H20-G20 -> 1100 | J20: 이동 | K20: SR5현장 반출물 반납
A21: 45958 | B21: 충남83아1815 | C21: 원방 | D21: SR5 | E21: 살수기 | F21: 2 | J21: 이동
A22: 45958 | B22: 충남80바5023 | C22: 원방 | D22: SR5 | E22: 035굴착기 | J22: 이동
A23: 45960 | B23: 경기85자5663 | C23: 원방 | D23: SR5 | E23: 350굴착기, 어테치 | J23: 이동 | K23: 로베드, 명일 10/31 하차
A24: 45961 | B24: 로베드 | C24: 원방 | D24: SR5 | E24: 30T지게차 | J24: 이동
A25: 45962 | B25: 부산99사8605 | C25: 원방 | D25: SR5 | E25: 어테치 | F25: 2 | J25: 이동 | K25: 세화철강 들러서 추가 어테치 상차
A26: 46331 | B26: 경기80바1502 | C26: SR5 | D26: 원방 | E26: 어테치 | F26: 4 | J26: 이동
F28: =SUM(F3:F27) -> 92 | I28: =SUM(I3:I27) -> 17570

Sheet 재고이동_(원방 <->어린이집)
A2: 계량일 | B2: 차량번호 | C2: 상차지 | D2: 하차지 | E2: 제품명 | F2: 수량 | G2: 공차중량 | H2: 총중량 | I2: 실중량(kg) | J2: 구분 | K2: 비고
A3: 45952 | B3: 6975 로베드 | C3: 원방 | D3: 기흥 어린이집 | E3: DX320 굴착기 | F3: 1 | I3: =H3-G3 -> 0 | J3: 이동 | K3: 버켓
A4: 45952 | B4: 충남83아1381 | C4: 원방 | D4: 기흥 어린이집 | E4: 어테치 | F4: 2 | I4: 0 | J4: 이동 | K4: 채버켓, 펄버라이저
A5: 45958 | B5: 충남83아1815 | C5: 원방 | D5: 기흥 어린이집 | E5: 철판 | J5: 이동 | K5: SR5 현장 살수기 하차 후 어린이집 하차
A6: 46027 | B6: 충남85아1162 | C6: 어린이집 | D6: 원방 | E6: rpp자재,잡자재 | J6: 이동
I8: =SUM(I3:I7) -> 0
